1,2,3,4,5,6,7,8,9,10,11,12,13,14,15,16,17,18,19,20,21,22,23,24,25,26,27,28,29,30,31,32,33,34,35,36,37,38,39,40,41,42,43,44,45,46,47,48,49,50,51,52,53,54,55,56,57,58,59,60,61,62,63,64,65,66,67,68,69,70,71,72,73,74,75,76,77,78,79,80,81,82,83,84,85,86,87,88,89,90,91,92,93,94,95,96,97,98,99,100
,8.11,,,-2.28,-4.22,5.49,-2.62,,-2.28,5.34,3.54,-9.71,3.3,-5.58,-6.07,-0.29,2.33,3.93,-0.34,-6.89,-2.09,-8.83,,5.15,3.98,4.47,3.88,5.29,,7.09,-2.23,,,3.11,-4.42,,-5.87,,-7.28,,-4.71,-8.93,,3.4,-7.18,2.28,7.48,5.15,5.73,,,5.78,3.2,-0.44,5.73,,,,,-8.25,4.61,,,-3.98,4.9,,-4.32,-2.72,,,,,,,,,,,,,,,,,,,,1.21,,,,,,,-5.92,,,,
-4.37,-3.88,0.73,-3.2,-6.41,1.17,7.82,-4.76,-6.41,0.73,1.99,0.63,-1.41,-4.32,0.63,-9.22,0.87,0.68,0.29,-4.51,-6.65,-4.03,1.94,-3.11,-4.32,-0.63,5.83,3.64,0.39,-0.44,0.73,1.07,3.06,-4.51,-0.39,3.11,1.02,-2.09,-6.21,-4.71,1.07,2.77,2.04,-5.97,-0.58,-3.74,3.3,-1.46,6.02,0.44,-4.22,-0.44,-1.94,8.45,-3.01,-4.51,3.54,-0.44,4.56,2.04,5.78,5.63,6.02,-4.37,-8.98,0.87,-4.66,2.82,2.86,-4.03,3.06,2.91,5.44,-4.76,-8.93,-0.49,8.16,-3.16,0.83,1.94,-0.49,2.62,1.99,-3.11,-0.44,-6.5,2.04,-3.16,2.09,5.34,5.73,-6.7,1.99,2.62,-0.49,3.45,3.2,-0.53,-0.53,-2.96
,,,,0.73,,5.53,3.25,,,,,-2.04,2.91,2.62,-1.7,2.28,3.11,2.91,6.75,2.72,2.82,,,,4.22,2.77,3.35,4.22,,3.2,4.51,,,5.24,2.33,,0,1.84,4.42,,2.82,,,,4.17,,3.69,3.79,2.48,,,3.64,3.01,,2.52,,4.71,,,-0.34,3.35,,,3.88,-0.15,,3.06,2.96,,,,4.56,,,,,,,,,,,,,,,,,2.38,,,,,3.16,,,,,
0.34,-6.55,2.86,,-3.64,1.12,5.34,2.33,,2.33,3.54,0.92,-5.87,2.77,4.76,-3.54,-7.38,-4.37,-1.75,-4.81,-1.75,2.72,2.96,,1.02,2.96,3.25,0.1,2.18,0.97,-6.89,-3.93,,-2.43,4.17,-4.47,,0.63,1.5,3.45,2.91,1.65,,3.06,0.58,3.93,3.69,5.15,3.3,1.55,-4.9,-6.99,3.06,3.64,1.21,0.68,,,1.02,2.28,1.41,1.21,0.83,-0.1,4.71,1.12,3.01,2.67,3.06,1.31,-3.64,,2.43,,,,,,,-4.66,,,,,,,,,,,,,,,,,,,,
,,,,9.13,,-9.32,-2.04,,,,2.04,-2.04,,-2.23,-8.5,3.16,2.18,3.93,2.96,6.41,2.62,,,,5.1,0.05,6.12,7.18,,8.35,7.43,,,7.57,5.49,,8.98,,,,5.63,,,4.66,,,,4.17,8.11,7.33,,6.02,4.71,-0.58,7.09,-2.23,,,,5.78,1.94,,,5.24,6.36,,,,,,,,,,,-0.05,,,,,,,,,,,,,,,,,,,,,,,
,,,,-1.46,,2.72,-3.83,,,,,-3.83,0.97,-3.83,-1.26,0,-4.9,-2.72,-0.39,1.5,,,,,2.62,3.74,,3.06,,2.04,4.03,,,4.27,5.49,,3.06,,,,2.72,,,,0.97,,0.97,4.08,1.99,,,4.9,0.97,,1.5,0.68,,,,2.09,3.06,,,3.2,1.89,,1.5,3.69,,,,,,,,,,,,1.8,,,,,,,,,,,,,1.89,,,,,,
3.5,2.28,3.01,-0.63,4.95,-0.49,-0.49,-0.68,3.3,-1.41,4.71,3.3,1.26,-4.03,-5.49,-5.44,2.86,1.17,1.8,1.07,2.62,0.73,-0.39,-1.94,1.99,1.21,2.09,3.74,0.63,3.3,2.04,-2.48,3.35,2.18,4.32,1.89,-1.99,4.17,2.43,2.86,4.47,-1.02,2.38,-0.63,-4.76,-2.09,3.16,3.79,4.27,1.99,1.7,4.08,0.87,-2.62,2.04,3.3,3.06,-3.74,0.34,-0.92,1.75,0.78,3.69,-0.68,3.35,1.65,0.92,2.52,1.7,5,7.18,6.75,4.71,3.2,2.23,4.47,3.5,5.97,0.44,4.51,7.14,5,8.98,5.39,4.27,4.47,3.2,4.56,4.22,3.83,1.89,3.54,2.38,2.77,-0.24,2.28,5.05,4.51,4.08,2.96
-7.67,7.14,-6.31,,-9.32,6.07,3.59,-2.72,,-8.01,-9.13,-8.06,2.67,7.43,-7.23,-7.23,-0.53,1.6,-7.91,-8.11,-7.23,-9.13,-7.77,,-8.88,7.38,0,-8.59,1.65,-8.16,8.4,-6.55,-7.86,-8.01,0.44,-1.5,,-8.88,8.2,-9.13,-8.45,7.38,-7.48,,7.86,7.67,7.48,-8.69,-7.57,1.6,8.2,7.82,0.68,7.38,-8.69,-7.23,,,-8.16,-7.67,8.35,-7.23,-7.72,-7.67,-1.8,-8.01,-6.07,-7.23,-8.01,-8.01,,,,,,,-4.32,,,,,-6.21,,,,,,,1.65,,,,,,,,1.6,,,
1.02,6.07,6.65,-0.87,6.8,0.68,5.34,4.56,-0.39,8.25,8.93,6.21,0.1,9.08,-0.73,2.43,6.46,-5.34,0.97,3.83,8.59,4.71,8.45,-0.44,8.59,7.52,6.26,9.08,7.28,6.17,6.99,8.3,-7.91,6.8,2.82,3.5,0.15,1.99,9.17,8.2,8.4,6.8,8.3,-1.26,8.01,7.48,8.11,7.91,9.03,8.88,7.28,8.11,9.08,8.88,6.21,8.83,3.54,0.19,6.65,6.07,8.93,3.4,8.11,8.54,7.82,7.67,5.29,-0.29,0.78,8.06,-0.05,8.5,8.88,4.27,9.08,8.54,6.17,8.74,3.2,8.5,0.92,9.13,8.54,6.36,9.03,9.03,3.54,4.66,8.93,6.46,6.75,8.74,9.17,7.52,5.73,5.92,-6.6,0.24,9.08,8.98
3.64,1.6,-0.39,3.74,-6.36,-9.61,8.88,-4.08,-7.09,3.88,-6.36,-9.76,1.75,-7.96,-1.07,-1.07,-7.96,-0.92,2.38,-6.5,-1.89,4.85,-9.13,6.12,1.6,-9.56,-9.37,-3.83,-0.44,-6.17,-8.11,-0.73,-2.67,-4.9,3.25,4.03,3.3,0,-5.87,-4.17,-3.54,-9.81,-2.62,1.75,-2.57,-1.89,-8.88,1.31,-3.88,-3.54,-9.66,-9.66,-4.71,-2.62,-3.35,-8.59,-8.01,-5.78,-9.76,-0.34,-3.01,-1.99,-9.71,6.75,1.26,-5.39,0.24,-0.73,-6.07,-9.71,0.44,-2.14,-9.56,-9.71,-9.27,-9.08,-8.01,-9.61,-9.61,-9.56,4.61,-0.29,-9.56,-3.45,-9.71,1.12,-6.5,-6.94,-5.1,-6.46,8.59,-3.69,-1.84,3.11,0.87,1.02,4.17,-6.55,-8.93,-9.42
9.27,6.99,-9.85,-8.83,8.25,0.87,8.93,-3.74,-6.17,-9.66,9.17,-6.5,-7.48,0.44,-9.22,-2.72,3.5,8.54,8.59,8.88,-1.46,-3.88,3.83,-8.98,-6.31,-2.48,5.63,-0.49,9.27,-6.8,9.13,1.41,-0.49,4.47,8.83,9.17,-9.08,3.5,-0.34,-4.03,-9.61,2.28,-0.68,-8.83,-7.86,-3.54,-8.69,-5.05,4.17,7.72,-0.68,-7.62,0.1,-0.87,-3.93,8.83,-9.81,-4.13,-4.17,-0.49,1.26,-6.99,-6.8,-0.97,-5.58,8.25,-0.34,5.78,-3.83,-3.59,,,,,,,,,,,9.13,-9.71,,,,,9.03,-5.83,,,,,,,,,,,,
0.39,-9.61,-2.91,-5.1,3.83,0.49,2.43,4.17,-0.49,-1.5,-1.41,-5.15,3.93,-8.06,2.14,-0.05,-1.17,2.77,1.36,1.31,-1.07,0.83,1.17,-1.55,-0.63,-1.6,1.07,1.02,3.5,-1.89,-2.28,1.6,-8.5,-5.78,6.36,2.52,4.85,-3.54,3.59,2.86,-5.97,6.02,0.29,0.68,3.79,1.26,-6.02,5.44,3.16,3.98,4.9,1.36,1.7,1.99,1.55,0.92,-0.19,-0.83,-6.7,1.12,-1.55,6.41,-6.8,-7.91,7.33,6.12,6.26,0.92,2.62,-0.34,,,,,,,,,,,8.3,,,,,,,,,,,,,7.04,,,,,,
0.1,1.17,8.45,8.5,4.85,7.91,3.83,-1.12,7.38,2.86,6.5,5.24,0.58,-0.87,3.45,-3.69,2.18,0.24,-2.38,-6.17,7.62,8.59,-0.1,7.96,8.59,2.67,8.79,3.88,3.06,8.4,-9.03,7.77,8.2,8.59,3.16,9.08,-8.93,8.59,8.74,7.86,7.52,6.07,5.68,5.73,8.54,7.43,5.44,5.58,-0.05,7.62,-9.81,7.82,6.12,8.69,8.01,4.56,-7.14,5.05,5.58,-1.31,8.16,8.54,4.27,-4.56,8.5,8.4,7.67,7.33,7.67,0.87,,,,,,,,,,,6.31,-9.47,,,,,0.24,,,,,,,,,,,,,
,,,,-0.49,,-2.18,0.73,,,,3.11,-4.42,,4.9,3.79,2.43,3.3,-6.02,-2.77,8.25,6.12,,,4.47,5.92,7.82,6.6,7.09,7.23,7.52,7.43,,,7.77,5.34,,8.01,,4.13,,8.35,,,8.01,,1.46,7.33,9.03,8.06,,,7.38,8.35,,1.6,,,,,8.64,3.64,,,5.92,8.83,,5.05,5.92,,,,,,,,,,,,6.02,-3.88,-4.08,,,,5.19,,,,,,,,,,,,,
-0.15,8.5,-2.38,-6.5,0.49,-5.29,5.44,-6.5,-6.5,-5.73,0.05,-1.41,-4.76,-0.05,-2.72,-8.88,-6.02,-3.3,3.64,1.65,0.05,-3.54,-6.31,-4.76,-0.29,0.73,2.28,4.42,5.83,-2.86,-1.12,5.83,0.78,-3.45,5.05,5.68,2.67,-5.68,-3.93,2.91,0.78,-1.99,-3.98,-8.16,-1.75,-0.19,-8.74,-6.12,4.17,4.08,-5.39,-5.97,1.5,2.09,-5.34,3.2,-6.7,-5.44,0,-3.11,-0.24,-3.93,-5.24,-3.98,2.43,-0.05,-4.27,1.65,0.83,-0.15,,,2.14,,,,,,,,,,,,,,-5.53,,,,,,-1.07,,,,2.57,0.15,-3.35,-0.05
4.51,5.53,6.02,5.58,4.85,7.86,3.83,6.84,5.34,8.4,8.25,7.18,6.8,6.41,-0.92,4.76,6.55,3.59,2.18,3.45,8.01,8.83,6.31,5.05,7.91,6.65,8.01,7.96,6.21,4.51,7.28,9.32,-1.02,6.36,8.83,8.25,0.97,8.11,6.07,8.4,6.26,3.59,4.71,5.34,8.16,7.09,7.04,7.18,6.7,2.67,-7.52,-6.21,8.59,2.28,-6.94,6.84,4.27,4.51,5.49,3.98,7.23,7.48,6.89,5.58,8.79,5.34,5.83,8.35,7.62,5,5.58,5.92,4.66,5.19,5.24,5.63,5.87,5.05,5.34,5.24,4.37,4.17,4.71,3.79,6.5,6.94,3.3,4.51,3.3,5.87,6.41,7.33,5.49,4.66,5.34,3.01,4.66,6.55,7.33,5.87
-4.22,2.52,3.11,-0.49,-8.3,2.43,2.86,-7.38,0.87,5,-0.49,2.57,3.16,5.34,-9.61,-8.59,-5.24,1.8,1.55,2.23,5.15,6.07,0.34,2.77,4.27,3.83,5.97,5.05,5.97,-5.05,5.15,5.53,5,2.62,5.58,4.85,-7.62,0.44,-0.49,5.97,2.38,5.15,-6.5,1.6,2.52,-6.26,5.63,2.67,3.74,5.53,1.5,3.83,4.9,5.58,1.7,2.72,3.3,3.93,-3.16,3.69,3.74,2.04,6.84,2.33,5.15,5.58,-3.83,5.58,5.58,0.73,,,,,-0.78,,,,,,,,,,,,,,,,,,,,,,,,,
,,,,-0.34,,3.98,3.45,,,-0.44,-0.44,0.68,-0.44,3.88,6.07,1.12,4.22,2.77,0.15,0.05,-1.84,,,-0.44,2.96,0.78,-1.84,2.23,,2.04,6.46,,-1.84,4.08,0,,-1.94,-1.94,-1.84,,1.55,,,-0.44,-0.44,,0.87,0.87,-1.02,,,-1.46,0.24,,-1.31,,,,,2.72,0.05,1.41,,-0.44,-1.99,,8.11,0.73,,,,,,,,,,,,,,,,1.12,,,,,,,0.05,,,,,,,,
0.29,4.81,-5.92,7.14,-4.71,-4.03,7.67,1.17,8.3,7.18,8.83,8.5,6.36,6.99,3.06,8.64,-0.53,5.97,6.46,3.79,-0.87,1.84,5,8.93,4.03,1.36,-0.39,3.59,3.64,5.49,4.32,5.44,3.35,7.77,8.54,7.62,-1.21,6.12,2.62,2.48,-0.19,4.03,3.59,9.37,8.2,6.84,5.53,4.61,1.94,2.33,-4.32,-0.87,6.07,7.33,5.78,6.46,4.56,-5,8.25,7.82,8.45,-2.23,1.55,8.83,3.45,-3.59,0.83,-0.63,5.92,7.82,-5.58,1.5,7.86,-8.11,7.96,8.74,7.04,5.49,5.68,-4.08,8.4,-3.45,-0.92,-1.02,-4.51,7.72,5.1,8.06,7.57,1.7,4.71,-1.26,3.74,3.74,-6.12,7.14,9.22,-0.15,7.23,-3.11
,2.57,,,-2.72,,-3.54,-3.54,,,4.17,-0.29,-5.1,4.27,-6.21,-9.95,0.53,-7.72,-9.81,-5.73,7.86,-7.86,-9.81,,2.67,8.16,9.03,-7.28,8.93,,5.05,5.1,,-0.83,8.45,8.45,,,1.6,,,8.25,,-7.96,,0.53,,-0.97,-0.39,8.4,,2.62,7.28,8.93,,8.16,,,,-1.31,3.79,6.65,,,0.68,6.75,,4.17,7.86,3.35,,,,,-9.08,,,,,,,,,,,,,,,,,,,,,,2.14,,,
-9.13,1.7,-9.37,-9.37,-9.81,-6.6,-3.98,1.17,-6.31,1.89,-5.1,-0.44,-9.37,2.04,-5.44,1.99,-4.42,-6.26,-5.39,-5.92,-8.06,1.65,-4.85,-8.83,-2.91,-2.09,-9.95,0.63,2.43,-9.51,-9.85,-0.58,-8.98,-4.13,-4.71,-9.61,-7.57,-1.46,-2.62,-2.77,-2.48,-3.88,-2.33,4.56,-7.77,-2.23,-8.98,1.5,0.29,-5.05,-9.56,-9.32,-2.67,1.99,-0.1,-5.34,-5.83,-9.32,-3.16,0.34,-9.66,-3.74,0.53,-2.28,-3.74,-8.16,-0.49,-4.03,-1.8,-7.14,,,,-8.64,,,,,,-9.47,,,,,,,-8.64,,,,,-9.81,,,,,,,,
1.21,-1.12,2.72,-3.16,3.74,3.01,3.06,1.84,-9.71,-2.14,1.6,-3.69,-3.59,1.6,-4.9,-9.22,0.49,-2.82,-0.53,0.39,1.84,-1.99,-1.41,-3.01,1.26,-3.74,2.52,1.12,3.88,-4.76,1.7,0.63,-0.83,-0.15,-0.24,4.13,0.19,-1.36,1.6,2.86,-3.01,-3.98,-6.55,2.48,2.43,-2.67,-1.94,3.74,1.46,5.05,3.5,-3.06,2.38,2.28,4.32,2.82,-9.61,-8.59,0.29,-8.3,-0.05,5.15,-3.74,4.61,2.62,1.55,-9.42,-0.92,4.03,-0.63,-6.94,-1.07,1.17,-0.92,1.84,3.16,0.73,1.84,-1.26,-3.16,1.89,-3.3,0.58,-3.11,2.04,-4.51,-2.38,1.26,-2.52,-6.46,-4.81,-1.6,0.73,-6.41,-8.06,5.1,2.04,-5.05,-6.7,-4.37
-6.7,2.43,-0.58,-0.24,-1.94,-0.44,1.02,3.98,-0.34,2.82,0.87,3.93,-0.05,-1.12,0,-4.08,0.92,2.72,-0.05,-0.19,0.78,-1.21,-1.5,-0.15,0.1,1.89,1.84,1.36,0.73,-2.52,0.15,0.92,-1.46,1.36,4.22,0.87,0.78,0.68,1.6,-1.41,-0.39,0.58,-7.52,-0.58,-1.41,0,3.25,3.01,1.94,3.3,-1.65,-2.62,4.08,-0.78,1.17,0.97,-0.15,5.78,0.1,-0.44,0.78,3.3,0.97,-0.39,0.63,2.18,-0.39,5.58,-1.02,-2.62,,,,,,,,,,,,,,,0.05,2.52,,,,,,0.34,2.48,4.71,-0.87,0.44,2.48,-0.29,-0.29,-0.19
,,,,3.3,0.68,0.05,-2.18,,-1.17,3.4,0.83,-7.52,3.54,-7.52,3.3,0.05,-1.7,5.87,5.92,4.9,,,,,3.25,0.83,,0.29,-0.19,0.44,5.24,,0.92,0.68,1.26,0.92,-1.7,2.77,3.2,3.25,0.83,,,2.86,1.12,-1.17,3.35,6.12,3.83,,1.31,6.02,,,3.01,,,-1.46,,6.12,3.45,2.96,,0.83,0.34,,0.92,3.69,,,,,,,,0.83,,,,,,,,,,,,,,,,,,,,,,,
,,,,3.45,,1.55,-3.5,,,,,-3.5,,-1.21,1.8,6.94,1.89,1.89,-0.73,9.08,9.17,,,,,8.83,9.22,9.08,,9.22,8.83,,9.22,8.93,8.93,,,9.17,,,8.2,,,9.17,9.17,-2.38,8.01,8.83,8.93,,,9.27,9.22,9.22,9.17,,,,,9.08,8.93,3.11,,9.27,8.69,,9.08,9.27,,,,7.72,,,,,,,,,,,,,,,3.69,,,,,,,,,,,,
2.48,-6.26,-4.61,-6.36,-2.09,-6.36,2.91,0.44,1.07,-8.69,0.92,3.45,-4.56,-1.84,0.49,-9.32,-4.42,-4.32,-9.22,3.16,5.73,-3.69,-8.88,-9.37,0.44,-2.52,3.74,-1.7,3.83,-1.36,2.62,3.59,-7.62,5.78,3.45,3.06,-8.35,-4.32,1.7,0.53,-6.07,2.57,-2.09,-9.17,-9.27,-6.5,-6.46,-2.57,3.25,2.23,0.24,-7.33,3.74,7.48,-7.18,1.36,-8.98,-8.3,-4.27,-4.61,-2.43,5.19,-9.27,-6.07,3.3,3.2,-6.6,2.48,2.67,-4.76,-8.88,6.26,0.68,-8.25,-8.54,2.96,3.11,0.87,-7.09,3.16,-1.02,-4.17,-2.09,-4.37,-1.6,1.07,1.36,0.24,3.64,3.54,1.31,-1.5,-4.51,-4.08,-5.68,-1.31,-6.17,6.31,3.69,2.57
,5.44,,,-3.93,4.13,-0.29,-4.13,,-6.02,2.67,0.1,-1.26,3.83,0.15,-8.98,-3.93,-2.72,-1.89,-8.88,3.35,5.34,-8.25,-4.61,0.58,2.82,1.31,-1.94,-2.43,,0.87,-1.55,,2.52,-2.57,0.58,,-1.31,0.58,5.19,,0.44,,,-2.62,-3.69,2.96,-2.14,-3.4,3.01,6.07,0.53,4.9,-2.28,-2.86,0.63,,,0.29,,2.23,-2.72,,,5.78,1.55,,0.78,5.1,0.15,,,,,,,,,,0.29,,,,,,,,,,,,,,-2.38,,,-2.43,,,
,,,,3.59,,7.57,-4.42,,,2.33,-7.14,-7.72,2.28,-7.38,1.02,3.74,-1.07,5.1,5.63,8.64,,,,,1.26,4.81,-4.51,5.73,,8.88,6.41,,2.52,8.16,-4.22,,8.45,5.39,,,6.6,,,,-8.35,-0.58,5.1,6.84,6.5,,,4.37,-2.23,,3.98,,,,,0.97,-5.49,-9.51,,3.06,2.91,,4.56,-7.82,,-3.74,,,,,,,,,,,,,,,,,0.68,,,,,,,,,,,,
3.3,2.43,4.66,-4.81,-7.43,1.75,4.81,-8.64,1.84,5.19,6.41,5.63,-3.11,-5.39,4.32,-9.47,1.55,-3.83,5.83,-5.83,5.68,4.95,3.64,-7.82,4.81,2.23,7.72,3.3,7.72,1.94,6.07,7.67,3.98,5,6.02,7.86,3.06,6.07,5.29,5.39,-8.45,5.29,0.53,-4.81,7.09,5.97,5.87,4.56,6.5,7.48,2.38,5.34,6.07,7.43,-4.03,5.29,-8.69,-9.47,3.2,6.12,6.36,5.1,5,-5.15,4.37,6.36,-1.94,4.81,4.9,4.22,,,,,,,,,,5.83,,,,,4.61,,,,,,,,,,,,,5.1,,
,,,,0.97,,-6.94,-7.48,,,,4.56,-8.54,0.34,-3.83,5.87,-7.91,-5.29,-4.61,-7.43,-2.67,1.84,0.97,,,1.5,1.75,2.52,1.41,,0.39,0.49,,1.7,3.45,1.46,,0.34,-0.73,-0.19,,-4.32,,,,1.31,-7.28,-3.83,0.63,-4.32,,,-0.39,1.41,4.27,-4.95,,,-3.3,,-0.58,5.49,,,4.66,-4.56,,-2.14,1.5,,,,,,,,,,,,,,,,,,,,,,,,,5.49,6.07,,,,,
,,,,6.12,,8.54,-2.14,,,,,-3.83,,0,-1.36,2.33,3.01,7.91,7.18,9.22,,,,,5.34,8.54,3.74,7.43,,4.95,8.5,,,8.25,8.45,,6.07,5.97,5.97,,5,,,,9.03,,9.17,8.45,8.4,,,7.52,1.07,,-0.92,,,,,-1.31,1.94,,,9.17,6.07,,4.03,5.68,,,,,,,,,,,7.96,-0.19,,,,,,,,,,,,,,1.89,,,,,
-1.46,0.78,-4.17,-6.26,1.65,1.6,-5.49,-5.19,-6.5,2.28,5.87,-5.53,-5.39,6.65,-5.39,-5.39,-5.53,-7.82,-4.17,-5.58,-0.49,3.11,0.97,-3.88,-1.36,-3.35,5.58,-5.78,-5.78,1.7,6.8,2.14,-4.85,6.6,3.3,0.92,-8.83,-0.97,5.87,-4.51,-6.12,-5.53,0.49,-9.37,3.11,-0.49,-7.62,6.5,6.02,-4.13,5.44,8.4,-2.18,-3.54,2.77,-4.9,-9.37,-8.54,-9.81,-2.48,-0.39,-7.18,-2.43,-5.97,1.02,2.18,-8.54,-8.93,0.39,3.45,-8.98,1.94,-0.05,-6.17,-9.85,2.28,-5.44,5.73,2.82,6.12,2.14,5.53,8.54,-1.99,2.43,7.14,1.07,-1.12,0.19,0.83,6.12,-0.78,6.26,5.68,-7.43,-3.01,6.94,4.08,2.72,7.14
6.02,2.18,1.46,2.67,-0.78,-2.77,-7.38,-4.61,0.92,3.98,0.63,1.55,-8.98,2.72,3.11,-4.81,-4.03,-4.08,-5.97,-7.48,-3.35,2.52,-2.91,-2.14,1.5,1.36,1.7,2.23,-3.5,1.8,3.25,3.01,0.87,1.12,-5.58,4.03,-3.69,-0.78,1.75,2.62,2.72,-3.59,-3.25,-3.4,1.89,1.99,-2.57,-0.39,-0.78,4.27,4.03,-2.72,-3.11,-4.13,0.53,-4.08,1.55,-3.3,1.17,0.19,1.8,-4.51,2.18,0.53,4.37,-2.82,0.97,2.96,-3.11,-4.22,-4.17,2.62,-3.06,-3.79,-3.69,-2.62,-2.28,-2.33,-4.37,-0.24,1.75,1.07,-1.84,-0.87,2.23,-0.05,2.43,2.96,1.55,3.3,0.63,1.46,1.07,-1.84,-3.98,-3.06,-0.29,2.82,-0.05,1.6
1.17,-9.56,-8.45,-8.88,-9.03,-4.22,0.58,1.07,-8.88,-8.5,-2.57,1.75,-9.03,9.13,-9.03,-9.03,1.6,3.88,-5.15,-5.15,8.93,-9.56,1.75,-4.17,0.83,1.7,8.69,3.3,4.71,-8.45,8.69,0.63,-0.29,8.98,8.69,5.63,-8.88,-8.5,-0.83,-4.22,1.8,1.7,1.07,0.29,-4.17,4.61,8.79,9.13,8.88,1.89,-9.56,-1.26,2.72,8.88,0.19,9.32,4.08,-5.44,-3.2,-3.2,9.27,8.83,1.17,-0.19,1.7,1.12,-2.96,1.8,1.7,-1.7,,,,,,,0.29,-1.36,,,,,,,7.57,,,,,2.67,,,,,9.13,3.01,3.01,-3.74,0.87,0.73
,,,-0.63,8.79,-0.73,8.74,7.57,,-9.17,8.59,9.08,6.36,-1.31,-9.13,-8.4,1.55,7.48,-7.96,7.77,,7.96,,,8.74,8.54,8.83,8.3,8.25,8.35,8.88,8.16,,,8.59,7.82,,7.77,,8.64,-8.35,-8.69,,,,6.8,,-9.71,8.25,8.59,8.4,,-9.47,,,9.13,,,,,,,8.35,-9.56,8.54,7.96,,8.88,9.08,,7.96,,,,,,,,,,,,,,,,,,,,,8.4,,,,,,,,
-8.35,-9.17,-8.59,-8.3,2.38,-5.63,-7.91,1.41,4.22,3.5,2.82,-4.08,-4.47,-5.49,-3.59,-6.84,-2.86,-6.55,-1.31,-3.83,-6.07,-7.04,3.11,-4.95,-8.35,1.55,-6.31,3.16,-0.39,3.45,-2.72,-6.07,0.78,-3.06,-4.61,4.9,0.53,3.2,-4.22,-3.64,-7.96,1.65,2.23,-1.21,1.46,1.8,3.74,3.5,3.11,-0.97,-6.89,-6.17,-0.34,4.9,1.89,-8.3,-0.63,-6.21,-5.15,1.6,2.91,2.52,-3.4,-8.35,-5.68,-1.02,3.3,5.34,2.67,3.16,8.54,7.04,5.92,-9.03,6.84,4.47,7.82,8.35,7.62,6.6,5.92,7.14,-8.06,0.58,-8.5,8.3,5.58,4.95,5.58,6.02,4.17,-9.9,0.44,1.46,2.72,-6.46,0,-8.59,-0.63,-2.43
-6.6,5.39,-6.94,4.51,8.06,-6.65,-5.83,-6.94,-4.32,-6.41,6.46,6.46,-5.87,6.46,-6.7,-7.96,3.3,-8.3,-0.24,1.21,2.43,6.46,-5.15,,6.46,6.21,8.2,5.29,1.8,-6.94,4.42,8.54,-3.88,-1.89,8.3,8.54,-8.35,6.46,6.46,6.46,-6.55,3.25,-8.11,,6.46,6.46,6.12,6.46,6.17,-8.83,-6.75,-6.12,-3.01,6.46,5.34,1.17,,,-6.65,5.05,4.42,8.88,6.5,-2.14,3.45,-7.62,5.58,-7.14,-7.38,-6.55,,,,,,,,,,,,,,,,,,,,,,,7.67,,,,-0.15,,,
3.64,3.4,3.64,3.64,-9.95,3.16,9.17,-3.54,3.64,-5.63,2.77,4.66,5.29,3.79,-5.29,-5.63,1.12,-9.51,-9.76,8.69,4.66,0.39,3.4,3.64,3.74,-4.95,-3.69,1.46,8.11,3.64,3.35,3.54,3.64,4.66,8.83,7.72,3.64,3.01,6.5,1.31,3.59,4.66,3.64,3.64,3.5,3.45,1.6,3.06,5.97,-2.43,3.35,4.47,3.69,3.35,3.45,4.66,3.64,3.64,3.64,2.77,4.71,2.96,2.72,3.64,7.33,7.38,3.64,-5.63,4.66,3.45,3.64,3.2,2.62,3.59,3.06,3.01,3.06,3.06,3.06,3.01,3.11,2.72,2.67,2.72,2.72,2.72,2.18,2.72,2.72,2.52,2.28,4.9,2.28,2.67,2.33,2.33,3.4,2.67,2.38,2.43
,,,,0.39,1.26,1.12,0.68,,,1.65,-1.94,-1.36,3.93,-4.76,-2.57,0.49,3.45,3.45,-0.34,-1.21,8.25,,7.52,1.6,7.86,4.66,,2.67,,2.77,1.94,,,0.83,1.65,,,,,,,,,,4.95,0.97,1.17,2.67,0.83,,,0.92,1.46,2.14,1.31,,,,-1.8,3.2,2.23,,5.29,1.7,0.53,7.52,1.31,1.55,2.72,,,,,,,,,,,,,,,,,,,,,,-0.15,,,,,,,,
7.52,7.57,7.33,7.28,6.5,6.55,-0.44,7.18,8.35,7.96,6.75,7.04,7.14,6.94,-5.97,7.33,7.43,6.36,6.31,6.75,3.79,6.75,8.54,8.11,6.75,4.56,7.52,-4.81,6.84,6.6,6.89,7.23,8.11,6.89,7.18,4.85,8.2,3.79,6.99,5.44,8.79,5.63,5.87,8.35,6.94,7.43,7.86,7.18,6.36,4.32,8.35,8.06,5.24,8.69,7.77,2.52,7.28,7.52,8.11,8.35,5.44,7.57,6.75,8.11,4.17,2.96,8.35,6.41,6.21,8.54,4.76,4.76,3.16,4.76,4.76,-4.37,-0.78,5.1,3.93,7.72,4.81,4.32,8.01,4.27,-1.21,0.92,0.34,2.28,7.62,-0.49,7.43,0.78,0.1,-1.31,-2.86,5.87,-1.84,1.36,-2.14,5.05
,,,,0.34,,5.24,0.29,,,4.66,,-9.27,5.1,-9.9,-9.85,0.39,-7.04,1.26,5.19,9.17,,,,,7.91,9.13,-8.25,9.13,,8.93,-0.49,,,9.08,9.27,,-7.48,,-1.84,,8.93,,,,-9.85,,0,8.69,9.13,,,9.22,9.22,,8.54,-9.9,,,,9.13,-0.78,-9.85,,-0.19,9.13,,-4.51,9.17,,,,,,,,,,,,,,,,,,,,,,,,,-9.32,,,,,-9.71,
,,,,-6.55,1.75,-4.27,1.75,,,6.26,0.78,1.02,-5.53,-2.82,-5.34,-0.58,-7.43,4.56,-3.45,6.31,,,,-0.29,4.66,5.92,2.18,4.9,,6.55,7.43,,-0.78,5.1,2.04,,-5.58,7.28,,,7.52,,,-7.23,6.55,1.31,6.89,5.83,5.63,,-1.26,6.55,6.07,-3.79,7.18,-5.83,,,,0.97,6.02,,,6.41,5.78,,6.31,6.02,-1.99,-0.53,,5.19,,,,,,,,,,,,,,,-3.88,,,,,,,,,,8.64,,
-9.61,-5.39,2.18,-9.42,-2.09,-5.39,-1.31,-0.58,-5.68,-9.85,-3.16,-3.11,0.83,-0.87,7.82,-9.66,-6.84,4.27,-1.55,-9.13,,-9.61,-4.56,-9.17,-8.45,-4.03,0.15,-2.77,4.37,-4.27,-1.21,2.72,4.27,-9.66,4.13,7.57,4.42,-9.17,-9.17,-8.3,-8.74,-8.98,-0.63,-8.88,-5.1,,-8.11,1.65,-7.14,-3.54,-9.61,-6.46,3.93,-1.21,-9.66,0.49,-9.9,-7.72,-8.64,-4.81,-0.24,-1.17,5.29,-6.84,-9.9,2.72,-2.62,-5.05,-0.63,-5.78,-0.83,,,,4.47,,2.14,,,,,,,,,,,,,,,,,,,,,,,
,,,,-0.49,,-6.55,-6.17,,,,,-6.07,,-6.31,-6.36,-0.39,-7.38,4.03,-8.5,8.69,,,,,-9.42,7.18,8.45,-8.25,,8.54,7.77,,,-7.04,7.09,,-7.96,7.28,,-6.89,8.01,-6.99,,,-7.43,,8.11,7.38,6.7,-0.29,,6.31,7.62,,-8.5,,-7.57,,,7.72,6.75,,,8.45,8.01,,8.06,-9.22,,,,,,,,,,,,,,,,,,,,,,,,,,,,,,,
-0.63,-0.83,-0.63,-2.82,2.82,-0.19,-3.45,-1.8,-2.38,-1.26,-0.63,0.34,0.92,-1.65,-7.91,-7.91,-2.43,-5.83,-2.48,-3.45,0.63,-0.53,-0.83,-4.37,-0.83,-0.1,2.57,-0.92,5.73,-0.92,0.29,2.23,-4.37,0.49,-0.97,-0.44,-1.94,0,-0.53,-2.52,-0.63,0.83,-3.98,-4.71,-0.83,0,-0.83,0,0.97,0.1,-0.29,-0.83,-0.63,0.97,0.15,0.63,-4.37,-4.71,-0.63,-0.63,2.43,2.33,0.15,-0.63,4.81,1.99,-0.44,0.49,2.96,-0.83,-3.01,-0.83,-2.43,-2.62,-2.62,-2.43,-3.45,-2.43,-1.31,-1.75,-0.19,-1.6,1.07,-3.01,-4.61,-3.11,-1.89,-1.89,-1.17,-2.91,-0.83,-1.26,-1.12,-3.79,-3.06,-2.57,-2.67,-0.58,-4.27,0.92
2.28,1.5,4.66,-0.87,1.36,-1.84,-0.24,1.26,-6.94,-2.57,-0.39,-2.18,2.23,1.46,-0.24,-4.22,-3.11,-5,-6.5,-3.98,5.24,-7.38,0.63,-4.08,-0.29,-8.45,4.71,0.83,5.68,0.05,5.24,1.7,-1.5,-1.5,2.28,2.23,-6.99,-4.47,-3.2,0.49,3.64,5.1,2.62,-8.06,-9.9,-3.35,-0.53,3.01,5.1,2.77,-2.23,0.44,0.87,2.48,0.68,1.17,-9.81,-8.5,2.33,0.05,0.68,1.12,-0.87,2.52,1.84,-2.82,-5.49,0.39,0.24,-4.17,,,,,,,-0.19,,0.83,,,,,,,,,,0.39,,,,,,0.15,,,,,
5.49,8.01,5.05,7.38,1.65,8.93,5.29,2.38,5.87,7.28,7.77,8.69,6.36,8.59,-0.29,-0.44,-0.15,1.99,4.03,0.92,9.03,3.45,3.25,2.86,8.88,8.69,8.88,7.18,8.98,7.09,5.83,6.17,5.29,5.49,8.25,8.88,4.13,8.69,7.82,5.39,8.93,7.82,2.52,4.42,8.88,8.69,7.23,6.46,8.69,2.96,6.99,8.88,8.69,8.93,0.63,8.88,4.76,1.12,3.88,3.79,5.44,8.16,4.56,2.77,7.38,8.3,2.86,8.83,9.08,6.89,,,,,,,,,,,,,,,,,,,,,,,,,,,,,,
-9.71,-9.71,-9.71,-9.71,6.6,-9.71,-9.17,-4.03,-9.71,-9.71,-9.71,-9.71,-2.91,-9.71,4.85,2.48,2.23,-6.8,1.75,-7.72,-6.65,-9.71,-9.71,-9.71,-9.71,-9.71,1.26,-1.8,-7.48,-9.71,-9.76,-1.26,-9.71,-9.71,-6.65,-9.76,-9.71,-9.71,-9.71,-9.71,-9.71,-9.71,-9.71,-9.71,-9.71,-9.71,-9.71,-9.71,-9.76,-9.08,-9.71,-9.71,-6.65,-9.71,-9.71,-9.71,-9.71,-9.71,-9.71,-9.71,2.23,0.87,-9.71,-9.71,-9.71,0.83,-9.71,-3.16,-6.65,-9.71,,,,,,,,,0.78,,,,,,,2.38,-3.5,,,,,,,,,,,,,
4.56,-9.85,-9.81,8.88,-9.85,-0.63,9.22,-9.85,-9.81,-9.9,8.93,8.93,-9.95,9.22,-9.9,9.17,4.13,-4.51,-9.95,9.13,9.17,9.17,-9.51,-9.37,8.98,9.17,9.08,9.17,-9.9,-9.71,9.22,9.03,-9.56,-9.76,5.34,-9.85,-9.85,-9.95,9.08,-9.66,9.13,9.17,0.83,-9.71,9.08,9.13,9.17,9.22,8.83,8.64,9.03,8.93,9.37,2.72,-9.85,8.98,-9.56,-9.51,9.03,-9.81,8.79,0.73,-9.81,-9.9,3.59,9.08,9.27,9.03,8.98,9.03,,,,,,,,-9.9,,,,,,,,,,,,,-9.76,-9.81,-9.71,9.32,-9.85,-9.85,-9.71,9.27,9.13,9.13
-3.2,1.31,0,-2.18,-6.02,0.29,-7.18,-9.03,-1.12,0.78,-0.19,-9.13,-1.7,-1.6,-5.63,-8.93,0.83,-3.2,-3.98,-2.67,-1.02,-1.7,-0.15,0.87,1.02,-1.17,0.68,-2.33,-0.92,1.17,-4.42,0.05,0.87,-0.49,-1.55,-9.03,-9.71,0.34,-1.6,-2.38,-0.05,-0.19,0.1,0.34,0.24,-0.87,0.53,-1.31,-7.09,1.02,-3.2,-3.93,0.58,-1.55,-4.61,-0.19,-2.14,-0.58,5.49,0.1,-1.46,-1.99,0.58,-1.99,0.29,-1.6,-0.19,-2.23,-1.7,0.73,-9.66,2.96,-0.15,0.78,2.86,1.17,5.19,3.25,1.21,-8.74,3.79,-1.36,1.89,1.12,1.6,0.83,1.21,2.23,5.92,0.73,1.07,0.39,2.62,0.97,2.52,0.39,8.16,3.5,-8.54,2.77
,,,,-5.05,,-4.37,7.33,,,7.18,,-0.73,,-0.44,-1.99,1.41,-3.2,-3.74,5.1,5.87,,2.09,,0.15,,8.16,5.58,7.38,,3.83,3.4,,,5.87,8.3,,5.44,4.56,,,3.93,,,,6.99,,8.25,8.4,6.55,,,8.2,7.77,,5.15,,,,8.2,8.3,-0.19,,,8.01,4.32,,7.96,7.57,,3.2,,,-0.29,,,,,,-2.67,,,,-0.73,,,,,,,,,,,,,2.23,,,
-0.97,-9.76,9.08,2.91,2.04,9.37,9.22,-3.16,-1.89,-2.82,5.39,9.32,-9.95,9.37,-9.9,-9.81,-0.49,-0.63,2.52,5.29,4.95,5.78,7.82,2.18,9.22,9.22,-3.88,5.49,-5.29,-4.42,-6.84,2.09,5,9.37,3.5,1.65,2.09,4.76,9.32,9.17,6.02,7.18,-7.18,-2.28,7.43,9.32,5.97,5.24,3.74,1.17,6.6,7.52,2.57,3.98,-8.35,6.17,5.87,-4.51,-8.59,6.65,3.25,4.85,9.17,-9.22,2.33,5.92,-6.99,-8.16,7.33,5.15,4.71,4.61,4.56,4.47,4.95,4.37,6.17,4.76,5.19,2.72,3.69,8.88,6.5,4.32,7.38,-6.02,3.69,4.71,4.61,4.17,4.08,9.32,3.3,-4.61,-1.89,3.45,4.81,9.22,-6.84,-3.59
,,,,-5.63,,-3.4,0.53,,,,,-8.54,6.46,1.26,-7.09,-2.18,-5.83,3.3,0.97,6.17,,,,,5,1.75,,-0.39,,6.36,4.61,,,5,3.83,,7.14,,,,6.31,,,,3.11,8.54,7.57,9.08,4.42,,,2.18,9.22,,5.05,,,,,8.01,2.72,6.65,,7.33,6.7,,5.58,7.28,,,,,,,,5,,-0.78,,,,,,,,,,,,,,6.26,,,,,,,
,,,,2.33,2.52,-2.52,-3.5,,-6.7,-4.37,-4.37,-3.59,-4.37,-3.11,-2.86,-0.63,-0.29,1.31,-2.43,3.4,-4.37,-4.17,,-4.37,-1.65,3.59,-4.37,4.08,,4.27,-0.63,,,-2.48,-0.78,,-1.7,3.64,-4.08,,2.18,,,-4.37,-4.37,-2.57,-2.14,0.05,4.03,,,-0.24,1.7,,-1.31,,,,,-0.24,3.5,,,0.44,-4.56,,3.64,0.1,-6.7,,3.64,,,,,,,,,,,,,,,,,3.01,,,,,,,2.96,,,,
,,,,-1.26,-7.28,-7.62,3.45,,6.07,-0.1,6.84,4.56,5.87,6.99,-5.39,0.87,6.89,0.1,-5.19,6.84,4.85,6.17,0.15,3.83,5.87,-3.5,-0.53,7.09,-0.1,-6.07,3.2,,5.44,7.48,-3.54,,2.04,4.13,3.54,2.43,4.95,,,3.64,4.76,5.24,3.79,3.2,5.1,,-6.84,-0.05,5.15,0.15,2.62,,,3.74,-0.92,1.21,7.43,5.19,,1.84,1.31,-0.53,3.64,7.18,0.05,,,,,,,,,,,,,,,,,,8.74,7.23,,,,,,,-2.52,,,,
-7.96,-6.5,9.22,-7.96,2.23,4.27,1.99,4.17,-9.37,-6.46,6.41,-4.95,-4.47,-3.11,-6.12,-5.24,-8.98,-5.24,-5.39,-5.15,-0.15,-6.99,-0.19,-4.08,-7.04,-3.64,-3.79,-6.84,6.5,-7.91,-2.09,6.84,-7.96,-4.9,0.87,5.1,0.34,-6.75,-7.14,-0.05,1.26,-3.5,-7.91,-8.06,5.97,-5.97,-6.21,-5.58,1.36,-4.66,-0.15,-6.41,2.09,2.33,-9.85,3.2,-5.49,-6.8,-7.91,-6.65,-6.41,-5.29,-6.55,-7.96,5.97,-3.54,-9.9,2.82,-9.56,-6.6,,,,,,,,,,,,,,,,,,,,,,,,,,-3.25,,5.15,,
,,,,0.39,,4.71,-5.24,,,-0.24,7.67,5.05,,4.37,-0.24,-2.96,-9.03,-2.23,-8.74,-2.14,-8.93,,,,-4.95,5.29,-0.87,5.53,,6.89,6.31,,,-2.57,6.46,,,-4.95,3.93,,-1.7,,-7.23,,,,6.41,-0.78,6.07,,,2.72,0.05,,-4.13,,,,,2.14,0.15,1.7,,-2.52,-6.55,,-0.05,4.61,,,,,,,,,,,,,,,,,,,,,,,,,,,,,,,
,,,,1.12,,3.83,0.49,,,0.63,3.5,3.2,,-4.37,-4.37,0.68,0.97,-1.46,-3.74,-4.66,,,,,0.53,7.48,,0.87,,2.96,3.88,,,6.17,6.55,,,2.67,,,1.26,,,,,3.3,2.52,-2.62,5.78,,,6.36,3.69,,5.87,,,,-5.83,5.44,-3.88,,,4.95,0.68,,1.12,3.16,,,,,,,,,,,1.12,,,,,,,,,,,,,,,,0.83,,,,
,,,,7.77,,-9.85,4.22,,,,-0.68,-8.59,,-9.85,9.22,-6.84,8.3,7.82,6.17,-9.81,-9.9,,,,,9.32,9.22,-9.71,,,9.27,,-1.41,-4.71,9.27,,9.17,-9.81,9.32,,-9.81,,,9.27,-9.85,-7.82,9.17,-2.72,-3.45,,,-9.9,-1.07,,-0.68,,,,,9.17,9.37,-1.02,,-9.81,7.52,-5.92,-0.87,-9.71,,,,,1.41,,,,,,,,,,,-9.76,,,,,,,,,,,,,,,
,,,,-0.05,-1.5,5.1,-6.6,,,-1.31,-1.36,-1.46,-5.73,4.08,-1.65,-8.45,0.92,-4.85,1.55,-6.07,-5,-4.42,,,-2.57,5.73,-0.24,-0.78,,6.46,7.28,,-1.17,7.09,5.63,,-3.98,4.27,-2.57,,-6.65,,,1.46,-4.81,-1.31,5.34,-3.4,5.83,,-2.72,5.73,2.86,,0.24,,,,2.09,-3.64,4.85,-3.3,,-7.62,4.66,,5.73,1.6,-3.2,,,,,,,,,,,,,,,,,,,8.25,,,,,,,,,,,
1.02,2.23,-0.05,0.34,4.66,4.9,9.17,-2.77,0.29,-2.77,5,9.13,1.75,5.1,-1.07,-9.03,-2.72,-4.56,1.26,3.69,1.26,8.2,-0.78,-7.09,7.14,4.08,6.17,1.55,4.27,2.77,2.43,3.79,-0.24,2.14,-0.19,4.56,-5.05,-0.49,7.77,2.77,3.93,6.8,-3.64,-7.09,7.86,7.62,3.4,-0.1,5.49,0.49,-1.21,4.27,3.01,1.84,-3.59,2.82,-7.09,-9.32,2.67,-1.41,2.14,6.31,5.34,-6.46,0.49,6.02,0.92,0.39,3.79,0.24,,,,,,,3.83,,,,,,,,,,,,8.25,,-1.84,,,,,,,,,
,,,,2.77,0.83,2.38,-3.74,-0.34,4.56,3.06,6.21,1.02,6.12,1.55,4.22,4.22,4.9,3.59,1.17,8.06,6.36,1.36,,4.85,8.06,1.12,0.15,6.21,3.45,1.55,1.7,2.28,8.11,5.87,-0.05,-3.83,1.84,6.12,2.43,-1.12,5.44,6.7,,2.67,4.71,0,2.38,-3.25,-0.92,7.86,7.28,-1.26,0.58,9.08,5.29,1.65,,6.17,,0.19,2.48,5.34,5.39,7.96,6.12,5.49,-1.12,5.58,8.4,,,,,,,,,,,,3.06,,,,,,,,2.72,,,,,,,,7.33,,
,,,,-7.43,,-3.79,-4.32,,,-4.81,-8.54,-0.83,-7.23,2.28,-9.56,-7.14,-7.43,-5.97,-6.07,-4.71,,-9.32,,-9.13,-8.11,1.7,-9.51,-0.49,,3.54,-4.47,,-3.98,2.04,-0.19,,,-9.13,,,-1.17,-9.32,,,-8.3,,-9.13,-0.05,2.67,,,0.34,-1.6,,-0.1,,,,,0.78,-2.48,,-6.31,4.9,-1.36,,0.34,-3.35,-5.29,,,,,,,,,,,,,,,,,,,,-5.78,,,,,,,,,,
,,,,8.83,,7.91,-2.57,,,6.99,8.5,-5.83,-4.56,-8.06,2.67,-1.46,-7.77,0.53,-2.18,2.91,,,,,3.98,8.98,-3.11,6.8,,4.22,3.93,,,8.64,3.54,,-3.64,,7.96,,-5.15,,,,-6.31,,-7.33,5.29,4.81,,-0.44,-5.24,1.8,,1.46,,,,,-1.65,1.84,,,5.29,-1.5,-5.92,1.8,7.48,,,,,,,,,,,,,,,,,,,,,,,,,,,,,,-3.3,
,-0.29,,,2.82,3.01,-1.41,0.49,,3.16,1.46,-1.89,1.94,1.6,2.77,-5.24,-4.47,-4.47,-6.5,-0.15,-2.04,0.87,-3.64,,2.28,2.04,1.7,1.31,2.82,-2.04,1.89,1.46,,1.6,-2.52,1.02,3.3,2.72,2.09,0.39,-5.05,-0.05,,-2.04,2.14,1.55,1.12,3.35,2.14,-3.83,,1.84,1.94,-3.35,0.34,0.44,,,,-2.96,2.62,-4.27,,,1.89,0.92,,2.18,0.78,3.16,,-0.68,,,,,,,,,,,,-4.37,,,,,,,,,,,,,,,,
4.95,3.3,-4.47,0.44,0.19,-2.43,-6.31,8.54,0.44,6.5,-1.75,3.93,0.63,3.79,-4.37,-1.21,8.54,-3.69,-2.18,-8.35,2.72,4.95,-6.75,8.01,2.62,-1.84,-1.99,-8.74,-1.94,1.65,-5.05,2.52,-9.27,7.62,3.59,-1.07,-9.85,2.86,-1.94,3.98,0.78,2.77,-3.79,3.64,0.29,3.54,-3.59,2.33,0.78,-6.65,-2.57,-9.27,3.93,3.59,-2.57,-4.17,-3.83,-8.5,-8.45,-9.27,-2.09,-0.97,-4.13,1.65,-1.21,-1.07,8.16,-6.7,3.79,0.97,,,,,,,,,,,,-4.37,,,-4.17,,,,,,-0.1,,,,,,,,,
,,-4.22,-9.56,9.27,-9.32,9.17,-0.34,,-8.88,-9.47,6.17,9.13,4.61,-5.19,-9.81,9.22,-9.81,-1.02,-0.73,-9.17,3.16,,,4.61,4.66,6.17,-9.47,9.08,-9.66,-9.37,1.75,,0.44,0.44,-8.3,,-1.5,,-9.51,8.74,-8.06,1.75,,-9.51,9.08,,6.99,-9.66,8.93,8.79,4.51,9.08,8.83,-0.19,4.03,,-9.56,-3.74,-8.11,8.98,3.35,-8.69,-0.83,8.54,5.78,,6.41,4.51,,,,,,,,-9.71,,,-2.77,,-9.03,,,,,,,,,,,,,,,,,,
,,,,-7.43,,7.91,-6.84,,,,7.82,5.78,6.17,6.41,-5.39,-1.75,5.97,7.09,0.1,0.97,7.04,,,,,7.52,-0.63,6.84,,-0.1,7.28,,6.75,8.59,7.67,,7.48,-1.12,-4.47,,8.3,2.57,,7.91,7.43,7.72,1.41,-4.27,8.5,,,6.89,6.99,6.12,8.2,,,,,-1.55,-2.52,-2.14,-6.65,5.92,6.7,,0,7.09,,,,,,,,,,,,,-3.06,,,,,,,,,,,,,,,,,,
1.65,-8.83,-2.38,-6.75,2.48,1.17,0.39,2.48,1.6,4.9,1.36,3.74,-0.87,6.07,-7.62,3.93,-0.34,8.59,8.59,8.79,1.36,3.16,5.68,-2.82,2.38,3.01,4.03,8.88,2.28,2.09,6.12,9.13,-7.38,-0.73,8.93,9.08,-1.12,4.95,2.43,2.23,-6.46,-0.83,1.26,-2.18,1.46,-0.78,8.74,2.62,9.08,0.24,-4.22,-5.92,8.69,8.01,6.99,3.4,-7.82,-0.44,-4.37,-1.41,3.16,8.83,8.54,0.73,4.71,6.26,5.29,9.17,6.07,7.38,8.74,3.25,3.3,3.83,1.6,-2.82,2.28,7.72,-2.91,7.96,-3.5,3.88,-1.65,7.18,-2.86,9.17,6.99,-0.34,8.93,-0.24,5.44,-3.64,5.53,6.46,3.4,6.7,8.74,0.78,6.36,-1.17
8.3,8.3,8.3,8.3,4.27,8.3,8.3,-0.78,8.3,8.3,8.79,8.3,3.59,8.01,0.63,-0.83,-9.51,5.05,6.5,-0.58,8.83,7.43,8.79,8.3,6.7,8.16,9.32,-8.45,4.03,8.3,9.22,6.12,8.3,-4.85,-1.31,8.88,8.3,7.33,7.91,8.83,8.3,9.17,8.3,8.3,8.79,8.83,-7.77,9.17,9.32,3.74,8.3,8.3,8.69,-9.37,8.3,3.64,8.3,8.3,8.3,8.3,8.59,8.74,8.3,8.59,7.48,7.33,8.3,8.59,-5.39,8.3,,8.3,,,,,,,,,,,,,,,,,,-8.2,,,-2.14,,,,7.86,7.86,7.86,7.86
-7.14,8.93,7.18,-9.42,2.67,7.72,-5.19,-6.7,3.59,5.58,-7.91,6.6,2.72,5.73,2.91,2.91,-7.09,3.2,3.59,0.44,8.5,6.84,7.57,7.57,6.55,7.28,7.86,-6.26,8.25,-6.17,-8.11,6.89,-7.96,7.23,7.33,7.33,7.43,-5.68,7.48,7.91,8.79,8.2,6.89,8.16,7.48,8.35,-6.07,6.26,8.25,7.04,9.17,7.52,1.89,8.54,-6.89,6.75,8.83,-6.17,6.8,3.93,7.09,-5.78,7.43,6.65,7.52,-3.88,7.43,3.3,8.01,-3.83,7.67,6.36,6.5,-6.6,6.21,7.04,5.87,6.55,8.01,-6.8,7.48,-6.75,7.86,8.35,6.94,6.89,-8.83,8.74,8.74,-3.98,8.11,7.72,-8.06,7.62,8.5,8.35,8.64,8.2,8.54,7.67
-3.59,-2.04,5.29,0.68,5.63,-0.73,-7.62,-7.33,0.68,5.83,2.91,0.15,-7.77,0,-7.62,-7.91,-1.94,-7.18,-4.27,-4.27,5.68,-2.48,-0.44,8.45,2.18,1.31,8.4,-3.06,7.96,-0.49,5.53,-2.18,4.03,1.31,6.41,3.64,0.83,7.57,1.89,-2.91,0.1,-0.58,-3.3,1.55,-2.72,3.93,-3.64,3.2,2.18,7.72,3.35,0.58,4.51,0.73,8.16,2.62,5.92,-8.06,-2.38,3.01,3.2,1.31,-3.3,-4.56,1.31,2.48,-3.4,3.2,1.75,2.18,1.7,3.59,-0.63,-3.83,0.1,2.86,-0.49,1.84,2.57,0.83,8.83,0.97,7.67,0.39,5.49,2.86,7.82,2.43,6.21,0.24,-1.94,-2.67,6.8,-3.11,5.34,-4.27,4.17,-2.23,1.55,-3.69
8.2,3.69,5.05,,2.96,4.17,-6.8,2.77,,3.45,8.79,-3.83,-7.57,-1.99,5.1,-2.33,-8.98,-8.11,5.34,4.71,1.94,2.14,3.3,,2.62,1.75,-0.39,3.64,-8.5,3.2,3.25,3.5,,3.01,1.8,6.26,,-6.6,-2.09,5.44,-3.2,2.57,-3.11,,-5.63,-3.5,-5.39,3.59,-3.98,-4.85,3.54,-4.22,2.52,-4.27,3.74,-6.89,-9.27,,3.74,-9.81,-0.68,3.98,-3.59,4.9,4.51,8.11,-0.68,-0.15,2.23,4.13,,,,,,,,,,,,,,,,,1.84,,,,2.48,,,,,,,-5.92,,
8.74,5.19,5.97,3.35,1.07,7.09,-1.75,2.82,5.83,5.05,3.01,6.41,3.69,3.98,-4.32,-4.66,-1.21,-1.36,-1.36,-0.92,3.88,3.74,4.85,5.49,2.38,4.76,3.35,4.81,3.79,3.88,5.44,0.49,5.1,4.81,4.81,2.28,3.2,6.02,5.49,0.78,0.97,5.1,2.52,5.24,5.19,5.05,4.03,3.25,3.35,2.33,3.88,4.27,4.17,5.49,5.1,5.15,0.1,-8.25,2.57,0.49,5.83,1.31,1.65,5.97,5.58,3.93,3.59,5.15,4.56,3.69,-4.13,8.4,-2.09,-6.89,6.02,5.92,-4.17,-1.65,2.43,6.02,8.5,-1.94,5.87,-1.5,5.68,-5.92,1.17,6.6,8.45,-3.93,5.73,8.5,5.68,-4.17,1.26,7.82,6.12,7.57,5.49,3.93
6.6,7.82,7.77,8.54,-3.59,7.48,5.97,-0.83,6.99,7.33,7.72,7.91,5.24,8.11,8.59,-7.43,-0.83,3.06,4.85,4.76,6.41,7.96,7.04,7.91,8.35,7.57,6.65,8.79,8.2,8.2,7.77,6.94,6.84,8.5,8.64,5.58,7.67,6.65,7.67,-1.5,7.72,8.59,6.75,7.33,7.14,2.09,6.84,7.82,8.16,4.17,7.48,7.43,5.87,8.59,8.45,7.91,6.5,0.92,8.74,7.38,8.79,8.2,7.96,7.96,8.54,7.82,8.4,6.84,0.97,7.18,8.45,9.32,7.52,8.4,0.68,7.77,7.77,7.28,8.01,7.48,8.16,7.91,8.45,8.25,5.39,9.17,8.11,6.17,8.59,8.5,8.98,8.35,6.5,7.67,9.22,7.09,8.88,6.84,7.82,8.5
,,,,2.82,,3.01,-9.47,,,,,0.92,6.6,-9.32,-3.79,0.24,-8.2,3.83,-9.51,8.69,,,,,7.62,7.57,,7.23,,8.93,4.47,,,6.17,7.77,,,,,,8.06,,,,6.75,,7.23,5.97,8.64,,,5.97,7.48,,5.05,,,,-4.03,7.62,6.36,,2.52,7.57,0.78,,4.9,7.67,6.41,,,,,,,7.38,,,,,,,,,,,,,,,,,,,,,,,
-9.42,-9.42,-9.42,-0.29,-9.22,7.09,-0.29,-9.61,-8.83,5.73,4.17,-7.86,-9.22,-7.86,-9.42,-9.61,-8.64,-9.03,-8.06,0.1,-9.42,-0.29,-6.31,-7.86,-7.09,-9.42,7.09,-4.76,3.01,-6.31,5.34,7.28,-7.86,-3.79,-0.29,-0.29,-0.29,-0.29,-6.5,-7.86,-0.29,5.92,-6.31,-0.29,4.17,-0.29,7.48,-0.29,-1.07,4.17,7.28,-6.31,-3.4,7.28,-9.42,-0.29,-9.42,-9.42,-9.42,-0.29,5.73,-4.95,4.56,-7.86,-0.29,-0.29,-0.29,-6.5,-0.29,-4.56,,,,,,,,,,,,,,-2.04,,,,-7.28,,,,,,,,,,,,
2.62,7.33,-7.67,4.17,-2.72,5.53,7.23,0.19,3.06,0.83,5.63,7.48,-6.55,-7.09,7.77,-8.59,5.29,-7.28,6.7,1.07,7.82,5.49,6.12,5.34,-1.21,8.25,6.94,6.55,-4.56,5.24,7.38,7.62,7.82,4.9,6.46,-0.97,5.49,4.76,-8.06,5.68,6.65,8.69,2.57,4.27,9.03,8.3,7.96,7.09,5.78,-0.63,-1.21,5.49,7.86,8.4,-7.04,7.62,5.34,-0.1,7.43,8.06,7.86,9.13,5.24,5.24,6.02,7.67,3.79,6.99,6.8,8.06,7.48,6.07,5.97,4.27,6.07,6.07,5.29,5.34,5.34,5.44,4.42,7.28,6.17,4.76,5.53,-0.24,6.12,6.31,7.04,7.14,2.82,4.47,4.95,2.96,3.35,4.03,4.17,1.55,8.59,2.43
-2.91,4.27,-1.46,-2.23,-1.75,-3.54,1.5,1.36,-7.28,3.98,1.84,-6.5,-5.87,-5.24,4.47,-6.8,-2.62,3.2,0.92,-3.59,-0.58,1.89,-0.1,-3.93,-0.63,-4.95,-3.59,-4.03,-0.53,-4.76,2.04,-0.44,-0.58,0.15,-2.38,1.7,-6.41,0.24,-5.15,2.48,-0.78,-3.54,-6.36,0.44,-4.9,-0.68,-3.2,-4.9,-3.45,1.6,0.63,-0.34,-0.24,0.92,-0.63,-2.82,-2.91,-8.35,-2.28,1.46,0.87,0.68,-4.81,-2.23,2.82,-4.32,-2.62,-5.34,-1.17,-3.5,-1.02,-1.02,1.65,-3.5,-4.56,1.12,-4.76,0.44,-4.71,-4.32,2.09,-0.87,-2.33,-2.96,-2.86,4.37,-8.35,-0.53,-2.09,-3.3,1.41,-3.11,-3.59,1.89,-8.64,-1.31,-1.41,-2.67,-5.39,-2.18
,,,,-0.49,-0.63,-0.83,2.14,,,,-2.48,-4.51,-4.17,-4.51,-0.53,-1.26,2.67,1.17,-2.48,-3.25,-3.01,1.6,,-4.13,-5.05,3.45,0.05,-2.57,-3.35,1.17,-0.83,0.39,-1.8,0.15,2.23,,3.2,,0.63,-5.83,-3.01,,,-2.04,1.17,-0.15,0.05,-4.17,0.1,,,-3.4,2.91,,0.1,2.67,,0.53,0.53,1.02,0.97,,,-4.17,0.78,,-0.78,-2.43,,,,,,,,,,,,,,,,,,,,,,,-4.08,,,,,,,,
-4.22,4.32,-2.04,2.14,9.03,-3.93,-3.2,5.1,-9.17,5.68,4.76,4.76,6.17,-2.62,5.15,0.97,4.37,0.39,0.05,-3.25,0.68,1.21,4.03,-5.05,-4.51,-0.29,2.52,-1.7,7.77,-2.48,7.67,1.07,-3.5,-4.42,-1.65,5.83,-1.89,6.17,3.35,2.48,-6.12,-1.55,-1.55,-0.05,-4.85,-2.62,0.87,5.53,7.82,3.69,0.83,-3.4,2.57,2.52,-0.58,-9.13,-5.97,-9.47,-3.59,4.42,0.58,-0.49,-0.58,1.36,2.14,0,1.5,1.5,-3.98,0.49,,0,,,,,,,,,,,,,,,,,,5.05,-6.21,6.21,5.05,9.27,-0.34,-9.9,9.37,3.98,5.1,3.4
-0.78,-6.8,5,,1.8,-7.18,-5.92,-6.7,,-6.5,6.84,-5.68,-6.21,-6.75,4.08,-6.21,-1.94,-7.91,-1.17,-7.09,7.52,7.18,-4.66,-2.09,5.73,-8.69,6.41,-8.35,-6.5,7.18,-4.95,-4.81,-1.55,-9.17,-4.95,-5.24,,-0.34,5.53,-1.17,4.85,-8.69,-7.57,,-9.85,-9.32,-6.6,-8.88,-8.35,5.58,-6.55,6.7,-5.1,6.5,-7.04,-8.69,,,-1.12,-7.33,-8.54,-8.69,-9.85,-2.43,-5.05,-8.35,-4.81,-8.35,-8.11,7.33,,,,,,,,,,,,,,,,,,,,,,0.24,,,,-8.01,,,,
,,,,6.89,,-5.63,6.07,,7.77,7.72,,7.82,-6.84,8.06,7.86,7.04,7.72,6.41,8.35,7.14,7.57,5.83,,8.3,8.16,6.55,7.72,7.04,,5.58,-8.54,,,-6.46,4.81,6.07,,6.7,7.77,8.25,6.55,,,7.23,7.77,5.73,6.84,7.57,7.09,,7.72,7.23,,,,,,,,7.18,7.91,,,7.38,8.16,,7.33,6.46,7.04,,,,,,,,,,,,,,6.94,,,,,,,,,,,,,,,,
-0.83,-0.44,0.19,-0.39,6.26,0.19,5.87,-6.89,-0.34,-1.65,3.69,3.74,6.12,7.82,-7.38,6.94,7.09,-2.33,5.73,5.78,7.67,3.5,3.79,3.69,7.91,1.36,8.35,8.79,-3.45,7.67,7.77,1.31,2.77,3.35,0.34,4.27,-8.2,8.2,-4.27,0.49,2.91,7.77,0.24,-0.49,6.12,3.06,2.18,3.79,-0.44,5.24,6.65,5.73,-0.24,-2.28,8.25,3.06,-0.39,-0.68,1.5,4.03,0.83,-3.4,3.59,-1.94,-1.75,0.97,0.34,2.62,-8.3,0.24,,,,,,,,,,6.89,,,,,,,,,,,,,,,,,,,,
,-1.21,-1.21,,1.36,5.78,-0.97,0.44,-1.17,-0.1,-0.1,-0.1,2.18,-0.1,2.18,1.99,2.62,1.36,1.36,1.36,2.04,4.42,1.5,-3.93,-0.1,-0.19,2.57,-0.1,4.42,4.42,-0.1,2.82,9.32,2.04,2.04,-3.59,-3.59,4.42,2.67,-0.97,-1.12,4.42,-9.9,-1.17,-0.1,2.04,2.52,2.04,-0.97,2.77,-0.1,-9.47,2.62,2.52,-0.19,4.42,-1.12,,-7.82,-9.47,2.04,2.67,-0.1,-9.85,2.04,2.67,-6.94,-0.97,4.42,-3.93,,,,,,,,,,,,,,,,,,,,,2.18,2.18,,,,,,,,
3.79,-7.09,2.96,-0.15,0.29,-1.99,-1.7,3.64,-7.96,1.46,2.28,-5.24,6.31,2.14,1.65,1.6,-0.1,-0.39,-2.28,2.96,1.94,2.28,3.01,-5.39,3.25,-6.94,3.5,-6.31,5.34,-2.86,4.27,0.78,2.86,1.55,1.89,0.44,-6.07,-4.61,3.69,5.58,2.23,2.23,-8.11,-9.08,2.43,1.07,-8.93,-1.7,5.49,1.36,-5.58,2.18,-5.83,1.17,2.62,0.24,-3.64,-8.69,4.03,-3.79,-2.52,3.98,-4.13,1.17,-4.56,1.31,-7.04,4.61,2.77,-2.33,-6.89,2.33,4.37,-7.43,-7.04,-0.58,3.93,-3.11,1.55,-6.84,6.46,1.55,-9.17,-0.68,-3.45,-0.39,-4.32,1.65,2.04,-7.96,-9.37,-3.45,-0.63,4.08,4.47,-4.61,4.66,-5.63,-4.42,-7.14
-9.9,-9.85,-9.95,8.2,-9.85,8.64,0.39,-3.5,-5.73,-9.81,3.35,-4.71,-6.31,-6.12,-9.81,-3.35,2.62,1.84,5.49,-0.1,-0.15,-9.71,-3.64,-6.07,-9.81,-5.34,-9.85,-2.86,-0.1,-5.29,-9.71,9.17,4.32,-9.9,-5.05,1.55,-8.59,-9.81,-9.9,-9.81,2.38,7.33,-0.05,-8.64,3.25,-9.71,8.59,-9.76,8.88,7.91,-9.9,-0.29,-0.68,8.88,-1.36,-1.46,-9.71,-0.39,1.75,-3.01,-8.88,3.64,4.66,-9.85,8.98,-6.26,1.26,7.18,-7.91,-9.95,,,,,,,7.43,,,,,,,,,,,,,,,,,,,,,-6.99,2.04,9.03
6.99,8.11,7.62,7.38,6.8,7.52,0.15,0.68,6.6,6.94,8.16,6.94,0.1,6.8,-0.05,-0.34,-5.49,-0.19,-0.39,0.73,6.89,8.01,7.23,0.58,7.62,7.91,7.62,6.02,-0.87,7.23,0.97,7.57,6.36,7.77,7.62,1.7,7.43,6.41,6.26,7.04,7.33,6.99,7.38,1.12,0.29,7.43,7.96,1.46,6.31,-0.53,6.89,7.09,8.2,-1.26,6.94,0.53,1.5,0.68,7.23,5.83,6.21,7.48,7.72,8.16,2.18,7.67,7.43,7.82,-0.58,8.06,,,,,,,,,,,-0.63,,,,0.1,,,,,,,,,,,,,,,
-2.52,3.25,1.94,0.34,-3.35,-1.31,-3.2,2.62,-1.26,0.1,1.5,7.14,-7.48,2.28,-4.47,2.72,7.86,-1.99,-3.98,1.94,2.52,2.77,0,-3.54,-1.46,2.91,-0.34,4.42,1.94,-1.26,7.23,1.12,-0.34,2.43,6.7,-1.99,-4.71,5.34,-0.49,3.74,4.27,3.69,0.24,-3.79,0.1,5.15,3.5,2.33,5.78,7.57,-0.29,-0.73,1.46,1.31,2.72,2.38,-4.03,1.12,3.11,4.17,4.32,5.19,1.17,-0.83,5.58,2.62,1.89,7.14,5.68,-3.01,-0.58,6.36,6.8,4.76,-4.56,2.33,-2.77,1.65,-3.01,-1.5,1.6,1.6,4.9,-3.01,3.83,-3.4,-2.43,-2.14,0,2.48,-3.88,-3.11,3.5,-3.5,3.35,-0.87,-2.23,7.57,-3.2,2.72
,3.3,3.2,,2.43,3.45,3.01,3.25,,-9.81,-2.04,3.3,-9.9,2.38,-9.47,-9.56,-0.53,-0.87,-0.34,-3.45,3.98,3.25,3.25,,0.68,3.5,5.83,3.4,2.52,,4.85,4.22,,3.35,8.01,3.93,,-2.91,3.25,2.91,5.53,2.96,,,3.35,2.72,0.68,-2.28,3.79,4.66,3.4,3.3,1.8,-9.76,,6.26,,,,3.5,3.4,1.31,2.72,,3.3,1.89,,0.53,3.45,,,,,,-9.9,,,,,,2.52,,,,,,,,,2.09,,,,,,,,,,
,-7.04,,,-0.44,-0.73,-6.89,-6.65,,-6.17,-1.41,6.26,-7.23,6.21,5.83,-6.89,-7.48,-0.83,-7.43,-7.72,7.14,-6.07,-6.75,,-7.43,-0.87,-0.15,-6.7,6.6,-0.58,-0.63,-0.63,,-6.46,6.07,6.07,,-0.34,-1.02,6.94,,-1.31,,,-0.53,-6.7,-7.04,-0.97,-0.78,-6.31,,-6.12,-0.73,5.44,-7.91,-6.12,,,,,-6.55,-6.65,-7.43,,-6.84,-6.94,,-7.18,-6.65,-6.99,,,,,,,,,-7.62,,,,5.58,,,,,,,,,,,,,-6.55,,,,
-9.22,-1.17,-4.17,0.83,3.01,5.53,-4.47,-0.58,-8.69,-6.7,7.96,1.36,-8.64,4.32,7.52,-8.93,-0.44,1.17,8.98,1.84,4.85,-0.49,-7.67,-8.11,5.15,1.99,1.17,5.29,-0.78,1.31,-5.97,7.82,6.02,1.7,-1.65,-7.72,-4.9,-7.91,1.46,-0.39,2.04,8.01,-0.39,-9.42,4.17,3.88,-7.28,-3.54,6.46,3.88,4.42,4.81,-6.75,-6.89,-9.51,-6.07,-8.45,-8.2,-7.18,-5.73,5.15,7.67,-0.44,-4.85,3.74,6.26,-9.42,4.81,3.35,-7.52,-0.05,8.3,8.3,-8.25,8.54,0.05,9.17,6.41,2.48,3.98,7.77,-0.19,5.58,2.52,8.4,-8.98,-6.36,3.45,7.82,3.35,-7.62,-8.06,0.19,-8.79,-9.71,7.91,8.01,8.01,3.4,5.39
7.67,-5.53,0.34,-2.09,5.29,-0.63,7.33,4.27,-2.91,0.58,3.4,3.5,2.48,-3.2,-3.74,-9.42,1.89,4.32,-6.02,-8.35,3.93,0.1,-2.86,-0.39,-3.59,-2.52,7.04,-2.82,-6.5,5.29,5.53,-1.46,-0.73,3.98,5.78,3.93,-5.49,3.25,1.94,-0.05,1.17,0.19,-3.59,-7.33,-4.9,-2.62,-3.79,1.84,1.07,-2.38,0.58,-1.55,1.6,7.14,0.87,-3.06,-5.63,-6.89,-0.68,2.33,7.09,4.76,-6.84,-0.92,7.96,2.48,-3.2,3.93,1.8,-2.86,-3.35,1.07,4.61,-1.07,-2.91,0.63,-0.24,0,-0.53,7.14,4.85,-2.14,6.89,5.63,-0.83,1.36,0.73,-0.19,2.62,-2.28,5.29,1.99,0,-2.86,-2.23,-2.96,-0.1,1.75,-4.81,-4.85
5.29,4.22,4.22,4.85,4.76,2.96,1.02,5.58,5.24,1.55,6.8,7.91,1.5,6.21,-0.92,-2.57,2.86,2.48,4.51,6.26,0.29,6.21,4.95,1.07,4.76,6.12,6.8,0.97,8.79,7.91,-0.53,5.34,3.25,3.35,4.85,8.54,4.17,6.65,5.83,5.29,5.92,5.1,3.11,7.43,3.79,3.2,4.9,6.84,5.19,6.12,-0.73,0.83,6.5,3.98,4.27,3.54,4.22,3.5,6.41,5.24,7.43,4.95,8.06,5.15,2.43,6.36,0.83,7.52,3.98,4.95,,,,,,,,5.83,,,,,,,,,2.86,,,,,,,3.98,,,,,,
-1.55,-4.76,-3.35,2.72,3.01,4.95,4.08,-0.58,-1.65,-0.68,-0.15,-4.85,-3.69,-2.67,-6.41,-4.81,2.23,2.33,5.58,3.3,0.78,-2.52,-5.19,-5.73,-0.1,1.36,7.82,5.19,7.43,0.97,-0.29,7.91,3.06,2.57,2.52,6.75,-2.09,2.14,-3.2,-4.03,-2.43,3.2,-2.72,-1.46,0.44,6.07,1.36,2.96,5.39,5.39,-0.63,-2.23,5.24,6.8,-2.67,4.22,-6.17,-2.82,-0.63,0,5.58,8.74,2.14,-0.97,-2.67,5.68,-4.13,2.82,5.63,-0.97,,,,,,,,,,,,,,,,,,,4.81,,,,6.46,,0.83,,,,,
2.23,-6.31,7.28,-6.31,3.59,7.28,5.73,-0.29,7.48,-7.86,6.5,7.28,6.89,-7.67,-7.86,-6.5,-0.29,7.28,5.73,-0.29,-0.29,5.73,2.62,-6.31,5.73,7.28,7.28,3.79,3.2,7.28,5.73,7.28,-7.86,5.73,7.28,7.28,-6.31,-6.31,7.09,5.73,-6.31,3.79,-7.86,-7.86,7.28,7.28,5.73,2.62,4.17,5.53,7.28,-7.86,7.28,5.73,2.04,-6.31,7.28,-6.12,3.01,-4.76,5.73,5.92,5.73,-7.86,4.76,5.73,2.62,7.28,-4.17,7.28,1.84,3.4,5.92,-7.86,5.73,-7.86,2.43,7.28,7.28,4.17,7.28,5.73,5.73,-0.29,7.28,1.46,7.28,7.28,7.28,5.73,7.28,7.28,5.73,-6.31,5.73,5.73,7.28,5.73,-7.86,-7.86
,-0.58,,,2.23,-1.41,-6.31,-3.54,,-6.6,1.99,-2.09,-3.4,-3.98,-3.93,-9.37,-5.53,-4.71,0.78,5.83,-3.11,1.99,,,1.31,-7.77,7.91,,3.06,,-2.77,5.49,,2.14,-7.82,8.54,,3.06,4.95,7.86,,-0.34,,-1.7,-7.18,0.15,-0.92,2.43,5.15,7.43,,,8.25,8.64,,-0.39,,,,,-0.05,-0.1,,,-1.21,-7.18,,0.15,5.19,-0.44,6.89,,,,,,,,,,,,,,7.14,,,,,,,,,,,,,,,
,,,,-6.31,,1.5,-4.51,,,-5.83,-5.24,-3.83,-9.32,1.46,-3.25,-2.82,-1.21,-7.04,-8.69,0.24,-3.83,,,-3.98,-2.38,-5.83,,-0.24,,2.18,-0.53,,,-0.15,-2.91,,-4.03,-4.03,-5.83,,-2.38,-7.52,,-3.69,-9.32,,-5.39,-1.07,1.26,-7.91,,1.26,-4.85,,2.18,-8.2,,,,-2.38,-4.17,,,-3.4,0.24,,0.24,-9.71,-7.91,,,,,,,,,,,,,,,,,,,,,,,,,,,,,,
3.11,-8.35,-3.64,-3.5,2.09,1.07,-0.73,-4.22,1.41,7.09,5.15,1.41,-4.22,-9.17,-1.31,-9.9,-5.78,-0.73,0.78,-6.07,2.62,-2.67,-4.08,0,-0.63,-1.7,3.54,-9.37,4.56,-3.64,1.41,3.45,1.02,-7.18,-0.19,2.28,-0.58,0.05,-2.43,-2.77,-3.06,4.27,1.8,-0.39,-6.8,-0.83,-4.47,0.68,0.34,8.11,-2.18,2.52,6.26,7.86,2.52,1.02,-2.14,-6.46,1.21,-6.75,-4.27,4.51,-7.77,0.19,6.5,7.33,2.52,5.39,3.01,-6.36,-9.03,-9.03,-8.88,-8.88,-8.74,-6.7,4.76,-8.4,-8.2,-3.2,-3.11,-6.55,-7.57,-9.27,-8.16,-9.17,-6.55,-4.76,1.89,-4.13,-1.6,0.73,-3.45,-1.02,4.03,-6.17,-5.34,5.29,-4.66,-4.71
2.38,7.72,5.97,-0.68,2.52,3.06,-9.85,2.86,5.1,2.48,8.5,-3.4,-9.81,8.06,-9.76,1.8,-5,-4.27,-9.42,4.85,7.77,4.32,-2.86,-2.18,-2.48,8.01,2.33,8.01,7.52,-4.51,-3.98,-7.28,6.7,3.93,6.75,8.11,-6.55,-5.92,5.63,-5.83,-5.24,7.91,0.34,-8.83,-8.88,7.96,-1.65,7.96,7.38,8.16,3.3,-3.3,8.74,7.67,3.79,-0.44,-9.47,-8.83,5.58,3.11,8.4,1.46,5.34,3.4,2.14,3.64,4.08,7.86,5.39,-3.16,7.18,0.83,2.48,6.7,6.36,5.05,-0.97,7.67,6.07,7.18,4.08,6.7,6.7,7.14,6.17,5.39,7.23,3.11,3.59,5.1,8.64,1.31,4.71,5.68,6.31,5.73,5.29,6.7,3.69,6.17
