asked,asks,bar,car,change,clinton,come,day,did,difference,doe,don,drink,engineer,going,got,great,guy,ha,just,know,like,ll,long,look,love,make,man,oh,old,replied,reply,return,room,run,said,say,screw,start,tell,thing,think,time,took,ve,wa,walk,want,wife,woman,work,year,yes
0.0,0.0,0.0,0.0,0.0,0.0,0.0,0.0,0.0,0.0,0.0,0.44060690890909465,0.0,0.0,0.0,0.0,0.0,0.0,0.0,0.0,0.0,0.0,0.0,0.0,0.0,0.0,0.0,0.7400539849015615,0.0,0.0,0.0,0.4279295127946764,0.0,0.0,0.0,0.0,0.2739744209451003,0.0,0.0,0.0,0.0,0.0,0.0,0.0,0.0,0.0,0.0,0.0,0.0,0.0,0.0,0.0,0.0
0.27774501201962093,0.0,0.0,0.0,0.0,0.0,0.0,0.3137220781588922,0.0,0.0,0.0,0.0,0.0,0.0,0.3137220781588922,0.0,0.0,0.0,0.0,0.0,0.0,0.0,0.0,0.0,0.0,0.0,0.3255703670697098,0.0,0.0,0.3137220781588922,0.28546556306637066,0.0,0.0,0.0,0.0,0.28546556306637066,0.0,0.0,0.0,0.0,0.3392482128144032,0.0,0.0,0.0,0.0,0.2522188773641099,0.0,0.0,0.0,0.0,0.3137220781588922,0.28546556306637066,0.0
0.0,0.0,0.0,0.0,0.0,0.0,0.0,0.0,0.0,0.0,0.0,0.0,0.0,0.0,0.0,0.0,0.0,0.0,0.6548126597035103,0.0,0.0,0.0,0.0,0.755791228244953,0.0,0.0,0.0,0.0,0.0,0.0,0.0,0.0,0.0,0.0,0.0,0.0,0.0,0.0,0.0,0.0,0.0,0.0,0.0,0.0,0.0,0.0,0.0,0.0,0.0,0.0,0.0,0.0,0.0
0.0,0.0,0.0,0.0,0.0,0.0,0.0,0.0,0.0,0.756428070116992,0.0,0.0,0.0,0.0,0.0,0.0,0.0,0.0,0.0,0.0,0.0,0.0,0.0,0.0,0.0,0.0,0.0,0.6540768874827203,0.0,0.0,0.0,0.0,0.0,0.0,0.0,0.0,0.0,0.0,0.0,0.0,0.0,0.0,0.0,0.0,0.0,0.0,0.0,0.0,0.0,0.0,0.0,0.0,0.0
0.0,0.0,0.0,0.0,0.0,0.0,0.0,0.0,0.0,0.0,0.0,0.0,0.0,0.0,0.0,0.0,0.0,0.0,0.0,0.0,0.0,0.0,0.0,0.0,0.0,0.0,0.0,0.0,0.0,0.0,0.0,0.0,0.0,0.0,0.0,0.0,0.0,0.0,0.0,0.0,0.0,0.0,0.0,0.0,0.0,0.0,0.0,0.0,0.0,0.0,0.0,0.0,0.0
0.0,0.0,0.0,0.6306295113442658,0.0,0.0,0.0,0.0,0.0,0.0,0.0,0.0,0.0,0.0,0.0,0.0,0.0,0.0,0.0,0.0,0.0,0.0,0.0,0.0,0.0,0.0,0.0,0.0,0.0,0.30383969313289577,0.276473270836125,0.0,0.0,0.0,0.32856174319107273,0.0,0.3540143973218739,0.0,0.0,0.0,0.0,0.0,0.0,0.0,0.30383969313289577,0.0,0.0,0.0,0.32856174319107273,0.0,0.0,0.0,0.0
0.0,0.0,0.0,0.0,0.0,0.0,0.0,0.0,0.0,0.0,0.6334813461165325,0.0,0.0,0.0,0.0,0.0,0.0,0.0,0.0,0.0,0.0,0.0,0.0,0.0,0.0,0.0,0.0,0.0,0.0,0.0,0.0,0.0,0.0,0.0,0.0,0.0,0.0,0.7737579622352108,0.0,0.0,0.0,0.0,0.0,0.0,0.0,0.0,0.0,0.0,0.0,0.0,0.0,0.0,0.0
0.0,0.0,0.0,0.0,0.0,0.0,0.0,0.0,1.0,0.0,0.0,0.0,0.0,0.0,0.0,0.0,0.0,0.0,0.0,0.0,0.0,0.0,0.0,0.0,0.0,0.0,0.0,0.0,0.0,0.0,0.0,0.0,0.0,0.0,0.0,0.0,0.0,0.0,0.0,0.0,0.0,0.0,0.0,0.0,0.0,0.0,0.0,0.0,0.0,0.0,0.0,0.0,0.0
0.0,0.0,0.424294219333959,0.2201592338428758,0.0,0.0,0.2121471096669795,0.0,0.0,0.0,0.0,0.1987580944920445,0.0,0.0,0.0,0.2121471096669795,0.0,0.6364413290009385,0.1987580944920445,0.1785691539847646,0.0,0.2121471096669795,0.0,0.0,0.0,0.0,0.0,0.0,0.0,0.0,0.0,0.0,0.2294085524060974,0.0,0.0,0.0,0.12359005895171842,0.0,0.2294085524060974,0.0,0.0,0.0,0.0,0.0,0.0,0.0,0.0,0.0,0.0,0.0,0.0,0.0,0.0
0.0,0.0,0.0,0.0,0.0,0.0,0.0,0.0,0.0,0.0,0.8353654628567285,0.0,0.0,0.0,0.0,0.0,0.0,0.0,0.0,0.0,0.0,0.0,0.0,0.0,0.0,0.0,0.0,0.0,0.0,0.0,0.0,0.0,0.0,0.0,0.0,0.0,0.5496949549215125,0.0,0.0,0.0,0.0,0.0,0.0,0.0,0.0,0.0,0.0,0.0,0.0,0.0,0.0,0.0,0.0
0.0,0.0,0.0,0.0,0.0,0.0,0.0,0.0,0.0,0.0,0.0,0.0,0.0,0.0,1.0,0.0,0.0,0.0,0.0,0.0,0.0,0.0,0.0,0.0,0.0,0.0,0.0,0.0,0.0,0.0,0.0,0.0,0.0,0.0,0.0,0.0,0.0,0.0,0.0,0.0,0.0,0.0,0.0,0.0,0.0,0.0,0.0,0.0,0.0,0.0,0.0,0.0,0.0
0.0,0.0,0.0,0.0,0.0,0.0,0.0,0.0,0.0,0.0,0.0,0.29509417261482296,0.0,0.0,0.0,0.0,0.0,0.629945421441029,0.0,0.0,0.0,0.0,0.0,0.34060060364359757,0.0,0.0,0.3268682320607434,0.24782364274034335,0.0,0.0,0.0,0.0,0.0,0.0,0.0,0.0,0.18349293538449735,0.0,0.0,0.0,0.0,0.0,0.0,0.0,0.0,0.0,0.0,0.28660355287724987,0.34060060364359757,0.0,0.0,0.0,0.0
1.0,0.0,0.0,0.0,0.0,0.0,0.0,0.0,0.0,0.0,0.0,0.0,0.0,0.0,0.0,0.0,0.0,0.0,0.0,0.0,0.0,0.0,0.0,0.0,0.0,0.0,0.0,0.0,0.0,0.0,0.0,0.0,0.0,0.0,0.0,0.0,0.0,0.0,0.0,0.0,0.0,0.0,0.0,0.0,0.0,0.0,0.0,0.0,0.0,0.0,0.0,0.0,0.0
0.0,0.0,0.0,0.0,0.0,0.0,0.0,0.0,0.0,0.0,0.0,0.0,0.0,0.0,0.0,0.0,0.0,0.0,0.0,0.0,0.0,0.23465842997611636,0.0,0.0,0.0,0.25375151617767916,0.0,0.0,0.0,0.0,0.4270461373615881,0.0,0.0,0.0,0.0,0.0,0.1367044276011645,0.7612545485330374,0.0,0.0,0.0,0.0,0.0,0.0,0.0,0.18865515018877582,0.0,0.0,0.0,0.0,0.0,0.0,0.25375151617767916
0.0,0.0,0.0,0.0,0.0,0.0,0.0,0.0,0.8719974923696254,0.0,0.0,0.0,0.0,0.0,0.0,0.0,0.0,0.0,0.0,0.0,0.0,0.0,0.0,0.0,0.0,0.0,0.0,0.0,0.0,0.0,0.0,0.0,0.0,0.0,0.0,0.0,0.4895103403413301,0.0,0.0,0.0,0.0,0.0,0.0,0.0,0.0,0.0,0.0,0.0,0.0,0.0,0.0,0.0,0.0
0.0,0.0,0.0,0.0,0.0,0.0,0.0,0.0,0.0,0.0,0.0,0.0,0.0,0.0,0.0,0.0,0.0,0.0,0.0,0.0,0.0,1.0,0.0,0.0,0.0,0.0,0.0,0.0,0.0,0.0,0.0,0.0,0.0,0.0,0.0,0.0,0.0,0.0,0.0,0.0,0.0,0.0,0.0,0.0,0.0,0.0,0.0,0.0,0.0,0.0,0.0,0.0,0.0
0.0,0.0,0.0,0.0,0.0,0.0,0.0,0.0,0.0,0.0,0.378841160818702,0.0,0.0,0.0,0.0,0.0,0.0,0.0,0.0,0.0,0.0,0.0,0.0,0.0,0.0,0.0,0.0,0.0,0.0,0.0,0.0,0.0,0.0,0.0,0.0,0.0,0.0,0.9254617090239543,0.0,0.0,0.0,0.0,0.0,0.0,0.0,0.0,0.0,0.0,0.0,0.0,0.0,0.0,0.0
0.0,0.662324409686059,0.0,0.0,0.0,0.0,0.0,0.0,0.0,0.0,0.0,0.0,0.0,0.0,0.0,0.0,0.0,0.0,0.0,0.0,0.0,0.0,0.0,0.0,0.0,0.0,0.0,0.0,0.0,0.0,0.0,0.0,0.0,0.0,0.0,0.0,0.41184090161187636,0.0,0.0,0.0,0.0,0.0,0.0,0.0,0.0,0.0,0.6258701527421884,0.0,0.0,0.0,0.0,0.0,0.0
0.0,0.0,0.0,0.0,0.0,0.0,0.0,0.0,0.0,0.0,0.0,0.0,0.0,0.0,0.0,0.0,0.0,0.0,0.0,0.0,0.0,0.0,0.0,0.0,0.0,0.0,0.0,0.0,0.0,0.0,0.0,0.0,0.0,0.0,0.0,0.0,0.0,0.0,0.0,0.0,0.0,0.0,0.0,0.0,0.0,0.0,0.0,0.0,0.0,0.0,0.0,0.0,0.0
0.0,0.0,0.0,0.0,0.0,0.0,0.0,0.0,0.0,0.6967114427711758,0.0,0.7173514936986657,0.0,0.0,0.0,0.0,0.0,0.0,0.0,0.0,0.0,0.0,0.0,0.0,0.0,0.0,0.0,0.0,0.0,0.0,0.0,0.0,0.0,0.0,0.0,0.0,0.0,0.0,0.0,0.0,0.0,0.0,0.0,0.0,0.0,0.0,0.0,0.0,0.0,0.0,0.0,0.0,0.0
0.0,0.0,0.0,0.0,0.0,0.0,0.0,0.0,0.0,0.5413476381030777,0.0,0.0,0.0,0.0,0.0,0.0,0.6433393112817204,0.0,0.0,0.0,0.0,0.0,0.0,0.0,0.0,0.0,0.0,0.0,0.0,0.0,0.0,0.0,0.0,0.0,0.0,0.0,0.0,0.0,0.0,0.0,0.0,0.0,0.0,0.0,0.0,0.0,0.0,0.0,0.0,0.0,0.0,0.5413476381030777,0.0
0.0,0.4113098033262205,0.0,0.0,0.0,0.0,0.0,0.0,0.0,0.0,0.0,0.0,0.0,0.0,0.0,0.0,0.0,0.0,0.0,0.0,0.0,0.4390170180306497,0.0,0.0,0.0,0.0,0.0,0.0,0.0,0.0,0.0,0.0,0.0,0.0,0.0,0.0,0.5115142904787907,0.0,0.0,0.0,0.0,0.47473783049012697,0.0,0.0,0.0,0.0,0.38867136054091833,0.0,0.0,0.0,0.0,0.0,0.0
0.0,0.0,0.0,0.0,0.0,0.0,1.0,0.0,0.0,0.0,0.0,0.0,0.0,0.0,0.0,0.0,0.0,0.0,0.0,0.0,0.0,0.0,0.0,0.0,0.0,0.0,0.0,0.0,0.0,0.0,0.0,0.0,0.0,0.0,0.0,0.0,0.0,0.0,0.0,0.0,0.0,0.0,0.0,0.0,0.0,0.0,0.0,0.0,0.0,0.0,0.0,0.0,0.0
0.0,0.0,0.0,0.0,0.0,0.0,0.0,0.0,0.0,0.0,0.0,0.0,0.0,0.0,0.0,0.0,0.0,0.0,0.0,0.0,0.0,0.0,0.0,0.0,0.0,0.0,0.0,0.0,0.0,0.0,0.0,0.0,0.0,0.0,1.0,0.0,0.0,0.0,0.0,0.0,0.0,0.0,0.0,0.0,0.0,0.0,0.0,0.0,0.0,0.0,0.0,0.0,0.0
0.6973481684540831,0.0,0.0,0.0,0.0,0.0,0.0,0.0,0.0,0.0,0.0,0.0,0.0,0.0,0.0,0.0,0.0,0.0,0.0,0.0,0.0,0.0,0.0,0.0,0.0,0.0,0.0,0.0,0.0,0.0,0.0,0.0,0.0,0.0,0.0,0.7167325386458575,0.0,0.0,0.0,0.0,0.0,0.0,0.0,0.0,0.0,0.0,0.0,0.0,0.0,0.0,0.0,0.0,0.0
0.0,0.0,0.33233216087249456,0.0,0.0,0.0,0.0,0.0,0.0,0.0,0.0,0.0,0.3593725130803227,0.0,0.0,0.33233216087249456,0.0,0.33233216087249456,0.0,0.0,0.0,0.0,0.0,0.0,0.0,0.0,0.0,0.0,0.0,0.0,0.30239946128522527,0.0,0.0,0.0,0.0,0.0,0.0,0.0,0.3593725130803227,0.0,0.3593725130803227,0.0,0.0,0.0,0.0,0.0,0.2942209249592188,0.0,0.0,0.32126127716704705,0.0,0.0,0.0
0.0,0.0,0.0,0.0,0.0,0.4701652201085008,0.0,0.0,0.0,0.0,0.0,0.0,0.0,0.0,0.0,0.43478846566884405,0.0,0.0,0.0,0.0,0.0,0.0,0.0,0.0,0.0,0.0,0.0,0.0,0.0,0.0,0.0,0.39562766795156123,0.4701652201085008,0.0,0.0,0.0,0.2532937271117746,0.0,0.0,0.0,0.0,0.0,0.0,0.0,0.0,0.0,0.3849277307222975,0.0,0.0,0.0,0.0,0.0,0.0
0.0,0.0,0.0,0.18309558893593764,0.0,0.0,0.0,0.0,0.0,0.0,0.0,0.16529731563645356,0.0,0.7057291998618481,0.0,0.0,0.0,0.0,0.0,0.2970143367955821,0.0,0.0,0.35286459993092406,0.0,0.3305946312729071,0.0,0.0,0.0,0.0,0.0,0.1605412859315138,0.0,0.0,0.0,0.0,0.1605412859315138,0.0,0.0,0.0,0.0,0.0,0.1907877915296194,0.0,0.0,0.0,0.0,0.0,0.0,0.0,0.0,0.17643229996546203,0.0,0.0
0.0,0.0,0.0,0.0,0.0,0.0,0.0,0.0,0.0,0.0,0.0,0.0,0.0,0.0,0.0,0.0,0.0,0.0,0.0,0.0,0.0,0.0,0.0,0.0,0.5953986882287933,0.0,0.0,0.0,0.0,0.31775337535323706,0.0,0.0,0.34360751827524666,0.0,0.0,0.0,0.555338582557082,0.34360751827524666,0.0,0.0,0.0,0.0,0.0,0.0,0.0,0.0,0.0,0.0,0.0,0.0,0.0,0.0,0.0
0.0,0.0,0.0,0.0,0.0,0.0,0.0,0.0,0.0,0.6730130760865263,0.0,0.0,0.0,0.0,0.0,0.0,0.0,0.0,0.0,0.0,0.0,0.0,0.0,0.0,0.0,0.0,0.0,0.0,0.0,0.0,0.0,0.0,0.0,0.0,0.0,0.0,0.0,0.0,0.0,0.0,0.0,0.0,0.0,0.0,0.0,0.0,0.0,0.0,0.0,0.0,0.7396305830727605,0.0,0.0
0.0,0.0,0.0,0.0,0.0,0.5148449459540615,0.0,0.0,0.0,0.0,0.0,0.0,0.0,0.0,0.0,0.0,0.0,0.0,0.0,0.4007497779315794,0.0,0.0,0.0,0.0,0.4460583502377269,0.0,0.0,0.0,0.0,0.0,0.0,0.4332241021091432,0.0,0.0,0.0,0.0,0.0,0.0,0.0,0.0,0.0,0.0,0.0,0.0,0.0,0.0,0.0,0.4332241021091432,0.0,0.0,0.0,0.0,0.0
0.0,0.08948170259557398,0.0,0.0,0.0,0.0,0.0,0.0,0.0,0.0,0.0,0.0,0.0,0.0,0.0,0.0,0.0,0.0,0.0,0.0,0.0,0.0,0.0,0.0,0.08948170259557398,0.0,0.0,0.37573906152305475,0.0,0.0,0.0,0.0,0.0,0.8920492432305716,0.0,0.0,0.16692224174039522,0.0,0.0,0.09232781203172918,0.0,0.10328066342025231,0.0,0.0,0.0,0.0,0.0,0.0,0.0,0.0,0.0,0.0,0.0
0.0,0.0,0.0,0.0,0.0,0.0,0.0,0.0,0.0,0.0,0.0,0.0,0.0,0.0,0.0,0.0,0.0,0.0,0.0,0.0,0.0,0.0,0.0,0.0,0.0,0.0,0.0,1.0,0.0,0.0,0.0,0.0,0.0,0.0,0.0,0.0,0.0,0.0,0.0,0.0,0.0,0.0,0.0,0.0,0.0,0.0,0.0,0.0,0.0,0.0,0.0,0.0,0.0
0.0,0.0,0.0,0.0,0.0,0.0,0.0,0.0,0.0,0.0,0.0,0.0,0.0,0.0,0.0,1.0,0.0,0.0,0.0,0.0,0.0,0.0,0.0,0.0,0.0,0.0,0.0,0.0,0.0,0.0,0.0,0.0,0.0,0.0,0.0,0.0,0.0,0.0,0.0,0.0,0.0,0.0,0.0,0.0,0.0,0.0,0.0,0.0,0.0,0.0,0.0,0.0,0.0
0.0,0.0,0.0,0.0,0.0,0.0,0.0,0.0,0.0,0.0,0.0,0.0,0.0,0.0,0.0,0.0,0.0,0.0,0.0,0.0,0.0,0.0,0.0,0.0,0.0,0.0,0.0,0.0,0.8719974923696254,0.0,0.0,0.0,0.0,0.0,0.0,0.0,0.4895103403413301,0.0,0.0,0.0,0.0,0.0,0.0,0.0,0.0,0.0,0.0,0.0,0.0,0.0,0.0,0.0,0.0
0.0,0.0,0.30321717706991586,0.0,0.0,0.0,0.0,0.0,0.0,0.0,0.0,0.0,0.0,0.0,0.0,0.30321717706991586,0.3278885758352604,0.30321717706991586,0.0,0.0,0.2931161922719894,0.0,0.30321717706991586,0.0,0.0,0.0,0.0,0.0,0.0,0.0,0.0,0.0,0.0,0.0,0.0,0.0,0.5299336226838649,0.0,0.0,0.2931161922719894,0.0,0.0,0.0,0.0,0.0,0.0,0.2684447935066449,0.0,0.0,0.0,0.0,0.0,0.0
0.0,0.0,0.0,0.0,0.0,0.0,0.0,0.0,0.0,0.0,0.0,0.0,0.0,0.0,0.0,0.0,0.0,0.0,0.0,0.37751738298139614,0.0,0.44850535415191867,0.0,0.0,0.0,0.0,0.0,0.3528884467489739,0.0,0.0,0.0,0.40810909519863026,0.0,0.0,0.0,0.0,0.0,0.0,0.48499818924655647,0.0,0.0,0.0,0.0,0.0,0.0,0.36057875677687024,0.0,0.0,0.0,0.0,0.0,0.0,0.0
0.38013442634700767,0.0,0.0,0.0,0.0,0.0,0.0,0.0,0.0,0.0,0.0,0.0,0.0,0.0,0.4293742715527034,0.0,0.0,0.0,0.0,0.36141430601788166,0.0,0.0,0.0,0.0,0.0,0.0,0.0,0.0,0.0,0.0,0.3907011228356261,0.0,0.0,0.0,0.0,0.0,0.0,0.0,0.0,0.4150706525048466,0.0,0.0,0.0,0.0,0.0,0.0,0.0,0.0,0.0,0.0,0.0,0.0,0.4643104977105422
0.0,0.0,0.0,0.0,0.0,0.0,0.0,0.0,0.0,0.2347359062724735,0.0,0.0,0.0,0.0,0.0,0.0,0.0,0.0,0.0,0.0,0.0,0.0,0.0,0.0,0.0,0.0,0.0,0.4059482640071479,0.0,0.0,0.0,0.0,0.0,0.0,0.0,0.0,0.0,0.0,0.0,0.0,0.0,0.0,0.0,0.0,0.0,0.0,0.0,0.469471812544947,0.0,0.7481318590207114,0.0,0.0,0.0
0.0,0.0,0.0,0.0,0.5276864046119143,0.0,0.0,0.0,0.0,0.0,0.4320207483943574,0.0,0.5276864046119143,0.0,0.0,0.0,0.0,0.0,0.0,0.0,0.0,0.0,0.0,0.0,0.0,0.0,0.0,0.0,0.0,0.0,0.0,0.0,0.0,0.5064110876869516,0.0,0.0,0.0,0.0,0.0,0.0,0.0,0.0,0.0,0.0,0.0,0.0,0.0,0.0,0.0,0.0,0.0,0.0,0.0
0.0,0.0,0.0,0.0,0.0,0.0,0.0,0.0,0.0,0.0,0.37989229644756417,0.0,0.0,0.0,0.0,0.0,0.0,0.0,0.0,0.0,0.0,0.0,0.0,0.0,0.0,0.0,0.0,0.0,0.890613109499523,0.0,0.0,0.0,0.0,0.0,0.0,0.0,0.2499802637957379,0.0,0.0,0.0,0.0,0.0,0.0,0.0,0.0,0.0,0.0,0.0,0.0,0.0,0.0,0.0,0.0
0.0,0.0,0.0,0.0,0.0,0.0,0.0,0.0,0.0,0.0,0.0,0.0,0.0,0.0,0.0,0.0,0.0,0.35190143539384594,0.0,0.0,0.3401786461916295,0.0,0.0,0.0,0.0,0.0,0.0,0.27687952840537444,0.0,0.35190143539384594,0.0,0.0,0.0,0.0,0.0,0.0,0.0,0.0,0.0,0.0,0.0,0.0,0.0,0.0,0.0,0.0,0.3115460313688327,0.0,0.0,0.680357292383259,0.0,0.0,0.0
0.0,0.0,0.0,0.0,0.0,0.0,0.0,0.0,0.0,0.0,0.0,0.0,0.0,0.0,0.0,0.0,0.5181852421547741,0.0,0.0,0.0,0.0,0.0,0.4791953056772672,0.0,0.0,0.0,0.0,0.0,0.0,0.0,0.0,0.0,0.0,0.0,0.0,0.0,0.558327437701201,0.0,0.0,0.0,0.0,0.0,0.0,0.0,0.0,0.0,0.0,0.4360348450982789,0.0,0.0,0.0,0.0,0.0
0.0,0.0,0.5511058912624844,0.0,0.0,0.0,0.0,0.0,0.0,0.0,0.0,0.0,0.0,0.0,0.0,0.0,0.0,0.0,0.0,0.0,0.0,0.0,0.0,0.5959468641145345,0.0,0.0,0.0,0.0,0.0,0.0,0.0,0.0,0.0,0.0,0.0,0.0,0.32105650506711203,0.0,0.0,0.0,0.0,0.0,0.0,0.0,0.0,0.0,0.4879060896544814,0.0,0.0,0.0,0.0,0.0,0.0
0.30958938942419567,0.0,0.0,0.0,0.0,0.0,0.3496913443012253,0.0,0.0,0.0,0.0,0.0,0.0,0.0,0.0,0.3496913443012253,0.0,0.0,0.0,0.0,0.0,0.0,0.0,0.0,0.0,0.0,0.0,0.0,0.0,0.0,0.3181951269933468,0.0,0.0,0.0,0.0,0.0,0.0,0.0,0.0,0.6760843584294294,0.0,0.0,0.0,0.0,0.0,0.0,0.0,0.3181951269933468,0.0,0.0,0.0,0.0,0.0
0.0,0.0,0.0,0.0,0.0,0.0,0.0,0.273837784603715,0.0,0.0,0.0,0.0,0.0,0.0,0.0,0.0,0.0,0.0,0.25655535139364144,0.0,0.0,0.0,0.273837784603715,0.0,0.0,0.0,0.0,0.2154582761954118,0.0,0.54767556920743,0.0,0.0,0.0,0.0,0.0,0.0,0.31905811015297403,0.0,0.0,0.0,0.0,0.0,0.0,0.0,0.0,0.0,0.0,0.0,0.29611871619954927,0.0,0.0,0.4983471856969869,0.0
0.0,0.0,0.0,0.0,0.0,0.0,0.0,0.27878059915988185,0.0,0.0,0.0,0.0,0.0,0.8363417974796455,0.0,0.0,0.0,0.0,0.0,0.0,0.0,0.0,0.0,0.0,0.0,0.0,0.0,0.0,0.0,0.0,0.0,0.0,0.0,0.0,0.0,0.0,0.0,0.0,0.0,0.0,0.15073185251631893,0.0,0.0,0.15073185251631893,0.0,0.3361911767430052,0.0,0.0,0.0,0.0,0.0,0.25367121491159283,0.0
0.0,0.7988482604550983,0.0,0.0,0.0,0.0,0.0,0.0,0.0,0.0,0.37743987347971336,0.0,0.0,0.0,0.0,0.0,0.0,0.0,0.0,0.0,0.0,0.0,0.0,0.0,0.0,0.0,0.0,0.0,0.0,0.0,0.0,0.0,0.0,0.0,0.0,0.0,0.0,0.0,0.0,0.0,0.0,0.0,0.0,0.0,0.0,0.0,0.0,0.19396583438728776,0.0,0.0,0.42633068593044615,0.0,0.0
0.0,0.0,0.0,0.0,0.0,0.0,0.0,0.0,0.0,0.0,0.0,0.0,0.0,0.5997062427345662,0.0,0.0,0.0,0.0,0.0,0.16826222862144682,0.0,0.0,0.0,0.0,0.18728587322890547,0.0,0.0,0.0,0.0,0.0,0.0,0.0,0.0,0.0,0.2161672015087405,0.5456915281873608,0.0,0.0,0.0,0.0,0.0,0.0,0.0,0.0,0.0,0.48213768115533395,0.0,0.0,0.0,0.0,0.0,0.0,0.0
0.0,0.0,0.0,0.0,0.0,0.0,0.0,0.0,0.0,0.0,0.0,0.0,0.0,0.0,0.0,0.0,0.0,0.35888246897170906,0.0,0.0,0.0,0.0,0.0,0.0,0.0,0.3880830986571797,0.0,0.0,0.0,0.35888246897170906,0.0,0.0,0.0,0.0,0.0,0.3265584197353514,0.20907334333509178,0.0,0.0,0.0,0.0,0.0,0.3177264929620105,0.3880830986571797,0.0,0.28852586327653984,0.0,0.0,0.0,0.0,0.0,0.3265584197353514,0.0
0.0,0.0,0.0,0.0,0.0,0.6118036669624952,0.0,0.0,0.5871369012533157,0.0,0.0,0.0,0.0,0.0,0.0,0.0,0.0,0.0,0.5300627625837325,0.0,0.0,0.0,0.0,0.0,0.0,0.0,0.0,0.0,0.0,0.0,0.0,0.0,0.0,0.0,0.0,0.0,0.0,0.0,0.0,0.0,0.0,0.0,0.0,0.0,0.0,0.0,0.0,0.0,0.0,0.0,0.0,0.0,0.0
0.0,0.0,0.0,0.0,0.0,0.0,0.0,0.0,0.0,0.0,0.0,0.0,0.0,0.0,0.0,0.0,0.0,0.0,0.0,0.0,0.0,0.0,0.0,0.0,0.0,0.0,0.0,0.0,0.0,0.0,0.0,0.0,0.0,0.0,0.0,0.0,0.0,0.0,0.0,0.0,0.0,0.0,0.0,0.0,0.0,0.0,0.0,0.0,0.0,0.0,0.0,0.0,0.0
0.0,0.0,0.0,0.0,0.0,0.0,0.0,0.0,0.0,0.0,0.0,0.18654988583561682,0.0,0.0,0.1991165149267175,0.0,0.21531771760261337,0.0,0.37309977167123365,0.1676009994700058,0.0,0.0,0.0,0.0,0.0,0.21531771760261337,0.0,0.0,0.0,0.0,0.0,0.0,0.0,0.2066365148247547,0.0,0.3623647298458883,0.11599885502415626,0.0,0.0,0.1924834049237604,0.0,0.0,0.1762822022478645,0.21531771760261337,0.0,0.3201619991439372,0.0,0.0,0.21531771760261337,0.1924834049237604,0.0,0.3623647298458883,0.21531771760261337
0.0,0.4606849238183812,0.0,0.0,0.0,0.0,0.4917182130619293,0.0,0.0,0.0,0.4353288802580918,0.0,0.0,0.0,0.0,0.0,0.0,0.0,0.0,0.0,0.0,0.0,0.0,0.0,0.0,0.0,0.0,0.0,0.0,0.0,0.0,0.0,0.0,0.0,0.0,0.0,0.0,0.0,0.0,0.0,0.0,0.0,0.0,0.0,0.0,0.3953200119219941,0.0,0.44742983147848514,0.0,0.0,0.0,0.0,0.0
0.0,0.0,0.0,0.0,0.0,0.0,0.0,0.0,0.0,0.0,0.0,0.0,0.0,0.0,0.0,0.0,0.0,0.0,0.34041203095317224,0.0,0.0,0.0,0.0,0.0,0.0,0.0,0.0,0.0,0.0,0.0,0.0,0.0,0.0,0.0,0.0,0.0,0.0,0.0,0.0,0.35123938297457313,0.0,0.0,0.0,0.0,0.726686665487955,0.0,0.0,0.0,0.0,0.35123938297457313,0.0,0.3306174996572561,0.0
0.0,0.2227047815063753,0.0,0.0,0.0,0.0,0.0,0.475413852465614,0.0,0.0,0.0,0.0,0.0,0.0,0.0,0.0,0.0,0.0,0.0,0.0,0.0,0.0,0.0,0.0,0.0,0.25704805467099456,0.0,0.3740603192503018,0.0,0.0,0.0,0.21629699108220427,0.0,0.0,0.25704805467099456,0.0,0.41544114938630844,0.0,0.25704805467099456,0.0,0.25704805467099456,0.0,0.2104471367496161,0.0,0.237706926232807,0.0,0.0,0.0,0.0,0.0,0.0,0.0,0.0
0.0,0.0,0.0,0.0,0.0,0.0,0.0,0.0,0.0,0.0,0.0,0.0,0.0,0.0,0.0,0.0,0.0,0.0,0.0,0.0,0.0,0.0,0.0,0.0,0.0,0.0,0.0,0.0,0.0,0.0,0.0,0.0,0.0,0.0,0.0,0.0,0.0,0.0,0.0,0.0,0.0,0.0,0.0,0.0,0.0,0.0,0.0,0.0,0.0,0.0,0.0,0.0,0.0
0.0,0.0,0.0,0.0,0.7737579622352108,0.0,0.0,0.0,0.0,0.0,0.6334813461165325,0.0,0.0,0.0,0.0,0.0,0.0,0.0,0.0,0.0,0.0,0.0,0.0,0.0,0.0,0.0,0.0,0.0,0.0,0.0,0.0,0.0,0.0,0.0,0.0,0.0,0.0,0.0,0.0,0.0,0.0,0.0,0.0,0.0,0.0,0.0,0.0,0.0,0.0,0.0,0.0,0.0,0.0
0.0,0.0,0.0,0.0,0.0,0.0,0.0,0.0,0.0,0.0,0.0,0.0,0.0,0.0,0.0,0.0,0.0,0.0,0.0,0.0,0.0,0.0,0.0,0.0,0.0,0.0,0.0,0.0,0.0,0.0,0.0,0.0,0.0,0.0,0.0,0.0,0.0,0.0,0.0,0.0,0.0,0.0,0.0,0.0,0.0,0.0,0.0,0.0,0.0,0.0,0.0,0.0,0.0
0.0,0.0,0.0,0.0,0.0,0.0,0.0,0.0,0.6572219644046785,0.0,0.0,0.0,0.0,0.0,0.0,0.0,0.0,0.0,0.0,0.0,0.0,0.0,0.0,0.0,0.0,0.0,0.6572219644046785,0.0,0.0,0.0,0.0,0.0,0.0,0.0,0.0,0.0,0.36894251450342613,0.0,0.0,0.0,0.0,0.0,0.0,0.0,0.0,0.0,0.0,0.0,0.0,0.0,0.0,0.0,0.0
0.3175066744813725,0.0,0.0,0.0,0.0,0.0,0.0,0.0,0.0,0.0,0.0,0.0,0.0,0.0,0.0,0.0,0.0,0.0,0.0,0.30187072377648644,0.3466871017657425,0.0,0.35863417680594867,0.0,0.0,0.0,0.0,0.0,0.0,0.0,0.0,0.0,0.0,0.3721786533854326,0.0,0.0,0.20892869633305747,0.0,0.0,0.0,0.0,0.0,0.0,0.38781460409031865,0.0,0.0,0.0,0.0,0.0,0.3466871017657425,0.0,0.3263324909026734,0.0
0.0,0.0,0.0,0.0,0.0,0.0,0.22931750023087263,0.0,0.0,0.0,0.0,0.0,0.0,0.6879525006926178,0.0,0.0,0.0,0.0,0.21484482843586675,0.3860437417639885,0.0,0.22931750023087263,0.0,0.0,0.0,0.0,0.0,0.0,0.0,0.0,0.0,0.0,0.0,0.0,0.0,0.0,0.0,0.0,0.0,0.0,0.24797601933832844,0.0,0.0,0.0,0.0,0.0,0.40603958912751364,0.0,0.0,0.0,0.0,0.0,0.0
0.0,0.0,0.0,0.0,0.0,0.0,0.0,0.0,0.0,0.0,0.0,0.0,0.0,0.4434725407569186,0.0,0.0,0.0,0.0,0.0,0.0,0.0,0.0,0.0,0.0,0.4154841293796339,0.0,0.0,0.0,0.0,0.0,0.0,0.0,0.0,0.690331640317842,0.0,0.0,0.0,0.0,0.0,0.0,0.0,0.0,0.39261593218351243,0.0,0.0,0.0,0.0,0.0,0.0,0.0,0.0,0.0,0.0
0.0,0.0,0.0,0.0,0.0,0.0,0.0,0.0,0.0,0.0,0.0,0.0,0.0,0.0,0.0,0.0,0.0,0.0,0.0,0.0,0.0,0.0,0.0,0.0,0.0,0.0,0.0,0.0,0.0,0.0,0.0,0.0,0.0,0.0,0.0,0.0,0.0,0.0,0.0,0.0,0.0,0.0,0.0,0.0,0.0,0.0,0.0,0.0,0.0,0.0,0.0,0.0,0.0
0.0,0.0,0.16326669880920652,0.0,0.0,0.0,0.0,0.0,0.0,0.0,0.0,0.0,0.0,0.0,0.0,0.0,0.17655096545381863,0.0,0.0,0.0,0.0,0.0,0.0,0.0,0.0,0.0,0.0,0.0,0.0,0.0,0.0,0.0,0.0,0.0,0.0,0.8913689539303464,0.0,0.0,0.0,0.0,0.0,0.17655096545381863,0.14454357656078018,0.0,0.0,0.26251861983233615,0.0,0.0,0.0,0.0,0.16326669880920652,0.0,0.0
0.0,0.0,0.0,0.30269968928043817,0.0,0.0,0.0,0.0,0.0,0.0,0.0,0.0,0.0,0.0,0.0,0.0,0.0,0.0,0.0,0.0,0.0,0.0,0.0,0.0,0.27327499462344584,0.0,0.30269968928043817,0.0,0.30269968928043817,0.0,0.2654121688598087,0.0,0.0,0.0,0.0,0.0,0.0,0.0,0.0,0.0,0.0,0.0,0.0,0.0,0.29168371935636506,0.7035029922649256,0.0,0.0,0.0,0.0,0.0,0.0,0.0
0.3520973814385974,0.0,0.0,0.0,0.0,0.0,0.0,0.0,0.0,0.0,0.0,0.0,0.0,0.0,0.0,0.0,0.0,0.0,0.0,0.0,0.0,0.0,0.0,0.0,0.0,0.43006499566313405,0.0,0.0,0.0,0.0,0.0,0.0,0.0,0.0,0.0,0.0,0.0,0.0,0.0,0.0,0.0,0.0,0.3520973814385974,0.0,0.39770551203064475,0.6394757956122163,0.0,0.0,0.0,0.0,0.0,0.0,0.0
0.0,0.0,0.0,0.0,0.0,0.0,0.0,0.0,0.26982610029181125,0.0,0.0,0.1217984833116168,0.0,0.0,0.13000323967895347,0.0,0.0,0.0,0.1217984833116168,0.0,0.3770174397698895,0.0,0.0,0.0,0.0,0.0,0.0,0.6137270054586822,0.0,0.0,0.0,0.23658805419877907,0.0,0.0,0.0,0.0,0.3786784576291842,0.0,0.0,0.1256724799232965,0.0,0.0,0.0,0.0,0.0,0.0,0.0,0.0,0.0,0.0,0.26000647935790694,0.0,0.281162020728616
0.0,0.5334190341480993,0.0,0.0,0.0,0.0,0.0,0.0,0.0,0.0,0.0,0.0,0.0,0.0,0.37956795881303707,0.0,0.0,0.18978397940651853,0.0,0.3194911747389117,0.0,0.0,0.0,0.20522583623157734,0.0,0.0,0.0,0.0,0.19695151900669366,0.0,0.0,0.34538079602302746,0.0,0.0,0.0,0.0,0.11056202104173259,0.0,0.0,0.0,0.0,0.0,0.336039809188679,0.0,0.18978397940651853,0.0,0.0,0.17269039801151373,0.20522583623157734,0.0,0.0,0.0,0.0
0.0,0.0,0.0,0.0,0.0,0.0,0.0,0.0,0.0,0.0,0.0,0.0,0.0,0.0,0.0,0.0,0.0,0.0,0.0,0.0,0.0,0.0,0.0,0.0,0.0,0.0,0.0,0.0,0.0,0.0,0.0,0.0,0.0,0.0,0.0,0.5179696132719883,0.0,0.0,0.0,0.0,0.0,0.0,0.5039608803201897,0.0,0.0,0.45764439312705785,0.0,0.5179696132719883,0.0,0.0,0.0,0.0,0.0
0.21146862040673442,0.0,0.0,0.0,0.0,0.0,0.0,0.0,0.0,0.0,0.0,0.0,0.0,0.0,0.0,0.0,0.0,0.0,0.0,0.4021092507895681,0.0,0.0,0.0,0.0,0.0,0.0,0.0,0.0,0.0,0.0,0.0,0.0,0.5165914665228557,0.49576347649895497,0.0,0.0,0.0,0.0,0.25829573326142785,0.0,0.0,0.0,0.0,0.0,0.0,0.3840672251781485,0.0,0.0,0.0,0.0,0.0,0.0,0.25829573326142785
0.0,0.0,0.0,0.0,0.0,0.0,0.0,0.35236280643465806,0.0,0.0,0.0,0.0,0.0,0.0,0.0,0.0,0.0,0.0,0.0,0.0,0.0,0.0,0.0,0.0,0.0,0.0,0.0,0.0,0.0,0.0,0.0,0.0,0.0,0.0,0.0,0.0,0.0,0.0,0.0,0.0,0.0,0.0,0.9358634797028312,0.0,0.0,0.0,0.0,0.0,0.0,0.0,0.0,0.0,0.0
0.0,0.0,0.0,0.0,0.0,0.607793441546826,0.0,0.0,0.0,0.5114370259457579,0.0,0.0,0.0,0.0,0.0,0.0,0.0,0.0,0.0,0.0,0.27166865881231983,0.0,0.0,0.0,0.0,0.0,0.0,0.0,0.0,0.0,0.0,0.0,0.0,0.0,0.0,0.0,0.0,0.0,0.0,0.5433373176246397,0.0,0.0,0.0,0.0,0.0,0.0,0.0,0.0,0.0,0.0,0.0,0.0,0.0
0.0,0.0,0.0,0.0,0.6292598552879831,0.0,0.0,0.5819123050499633,0.0,0.0,0.5151796810379706,0.0,0.0,0.0,0.0,0.0,0.0,0.0,0.0,0.0,0.0,0.0,0.0,0.0,0.0,0.0,0.0,0.0,0.0,0.0,0.0,0.0,0.0,0.0,0.0,0.0,0.0,0.0,0.0,0.0,0.0,0.0,0.0,0.0,0.0,0.0,0.0,0.0,0.0,0.0,0.0,0.0,0.0
0.0,0.0,0.0,0.0,0.0,0.0,0.0,0.0,0.0,0.6854078536949594,0.0,0.0,0.0,0.0,0.0,0.0,0.0,0.0,0.0,0.0,0.7281593741024482,0.0,0.0,0.0,0.0,0.0,0.0,0.0,0.0,0.0,0.0,0.0,0.0,0.0,0.0,0.0,0.0,0.0,0.0,0.0,0.0,0.0,0.0,0.0,0.0,0.0,0.0,0.0,0.0,0.0,0.0,0.0,0.0
0.10052653938846755,0.0,0.0,0.35350909192895563,0.0,0.0,0.0,0.0,0.0,0.0,0.0,0.0,0.24557379864337675,0.0,0.11354801520195744,0.22709603040391488,0.0,0.0,0.0,0.09557600404309773,0.0,0.0,0.11354801520195744,0.0,0.0,0.0,0.0,0.44670350470860953,0.0,0.0,0.10332090200638896,0.0,0.0,0.0,0.0,0.10332090200638896,0.0,0.0,0.0,0.0,0.0,0.12278689932168838,0.0,0.12278689932168838,0.0,0.18257531053747322,0.0,0.0,0.0,0.658592541049191,0.0,0.0,0.0
0.0,0.0,0.0,0.0,0.0,0.0,0.0,0.0,0.0,0.0,0.0,0.0,0.0,0.0,0.0,0.0,0.0,0.0,0.0,0.0,0.0,0.0,0.0,0.0,0.0,0.0,0.0,0.0,0.0,0.0,0.0,0.0,0.0,0.0,0.0,0.0,0.0,0.0,0.0,0.0,0.0,0.0,0.0,0.0,0.0,0.0,0.0,0.0,0.0,0.0,0.0,0.0,0.0
0.0,0.0,0.0,0.0,0.0,0.0,0.0,0.0,0.0,1.0,0.0,0.0,0.0,0.0,0.0,0.0,0.0,0.0,0.0,0.0,0.0,0.0,0.0,0.0,0.0,0.0,0.0,0.0,0.0,0.0,0.0,0.0,0.0,0.0,0.0,0.0,0.0,0.0,0.0,0.0,0.0,0.0,0.0,0.0,0.0,0.0,0.0,0.0,0.0,0.0,0.0,0.0,0.0
0.0,0.0,0.0,0.0,0.0,0.0,0.0,0.0,0.0,0.0,0.0,0.0,0.0,0.0,0.0,0.0,0.0,0.0,0.0,0.0,0.0,0.0,0.0,0.0,0.0,0.0,0.0,0.0,0.0,0.0,0.0,0.0,0.0,0.0,0.0,0.0,0.0,0.0,0.0,0.0,0.0,0.0,0.0,0.0,0.0,0.0,0.0,0.0,0.0,0.0,0.0,0.0,0.0
0.0,0.0,0.0,0.0,0.0,0.28987324705928685,0.0,0.0,0.0,0.0,0.0,0.0,0.0,0.0,0.0,0.0,0.0,0.0,0.0,0.0,0.0,0.0,0.0,0.0,0.0,0.0,0.8345583194014745,0.0,0.0,0.0,0.0,0.0,0.0,0.0,0.0,0.0,0.4684932359779509,0.0,0.0,0.0,0.0,0.0,0.0,0.0,0.0,0.0,0.0,0.0,0.0,0.0,0.0,0.0,0.0
0.0,0.3010543483868809,0.0,0.0,0.0,0.0,0.32133438402182435,0.0,0.0,0.0,0.0,0.0,0.0,0.0,0.0,0.0,0.0,0.0,0.0,0.0,0.0,0.0,0.0,0.0,0.3010543483868809,0.0,0.0,0.7584872105635362,0.0,0.0,0.0,0.0,0.0,0.0,0.0,0.0,0.37439808184813367,0.0,0.0,0.0,0.0,0.0,0.0,0.0,0.0,0.0,0.0,0.0,0.0,0.0,0.0,0.0,0.0
0.0,0.0,0.0,0.0,0.0,0.0,0.0,0.631353347236419,0.0,0.0,0.0,0.0,0.0,0.0,0.0,0.0,0.0,0.0,0.0,0.0,0.0,0.0,0.0,0.6827236895831954,0.0,0.0,0.0,0.0,0.0,0.0,0.0,0.0,0.0,0.0,0.0,0.0,0.3678060828959713,0.0,0.0,0.0,0.0,0.0,0.0,0.0,0.0,0.0,0.0,0.0,0.0,0.0,0.0,0.0,0.0
0.0,0.0,0.0,0.0,0.0,0.0,0.0,0.0,0.0,0.0,0.0,0.4824772057210564,0.0,0.0,0.0,0.0,0.0,0.0,0.0,0.0,0.0,0.0,0.5149784965261864,0.0,0.0,0.0,0.0,0.4051901723489612,0.0,0.0,0.0,0.0,0.0,0.0,0.0,0.0,0.3000098509211279,0.0,0.0,0.0,0.0,0.0,0.0,0.0,0.0,0.0,0.0,0.0,0.0,0.49782316906440943,0.0,0.0,0.0
0.0,0.0,0.0,0.0,0.0,0.0,0.0,0.0,0.0,0.22181591919096802,0.0,0.0,0.0,0.9750885590516718,0.0,0.0,0.0,0.0,0.0,0.0,0.0,0.0,0.0,0.0,0.0,0.0,0.0,0.0,0.0,0.0,0.0,0.0,0.0,0.0,0.0,0.0,0.0,0.0,0.0,0.0,0.0,0.0,0.0,0.0,0.0,0.0,0.0,0.0,0.0,0.0,0.0,0.0,0.0
0.0,0.0,0.0,0.0,0.0,0.0,0.0,0.0,0.0,0.0,0.6334813461165325,0.0,0.0,0.0,0.0,0.0,0.0,0.0,0.0,0.0,0.0,0.0,0.0,0.0,0.0,0.0,0.0,0.0,0.0,0.0,0.0,0.0,0.0,0.0,0.0,0.0,0.0,0.7737579622352108,0.0,0.0,0.0,0.0,0.0,0.0,0.0,0.0,0.0,0.0,0.0,0.0,0.0,0.0,0.0
0.0,0.4340571620474415,0.46329671550711216,0.0,0.0,0.0,0.0,0.0,0.0,0.0,0.0,0.0,0.5009930562138089,0.0,0.0,0.0,0.0,0.0,0.0,0.0,0.0,0.0,0.0,0.0,0.0,0.0,0.0,0.0,0.0,0.0,0.0,0.42156821902746044,0.0,0.0,0.0,0.0,0.0,0.0,0.0,0.0,0.0,0.0,0.0,0.0,0.0,0.0,0.41016670733642624,0.0,0.0,0.0,0.0,0.0,0.0
0.0,0.0,0.0,0.0,0.0,0.0,0.0,0.0,0.0,0.0,0.0,0.0,0.0,0.0,0.0,0.0,0.0,0.0,0.0,0.0,0.0,0.0,0.0,0.0,0.0,0.0,0.0,0.6862826041191694,0.0,0.0,0.0,0.2645577993063501,0.0,0.0,0.0,0.0,0.6775141017791381,0.0,0.0,0.0,0.0,0.0,0.0,0.0,0.0,0.0,0.0,0.0,0.0,0.0,0.0,0.0,0.0
0.37060837817187836,0.0,0.0,0.0,0.0,0.0,0.0,0.0,0.0,0.0,0.0,0.0,0.0,0.0,0.0,0.0,0.0,0.0,0.0,0.0,0.40466911358126034,0.0,0.0,0.0,0.0,0.0,0.0,0.32936986075687796,0.0,0.0,0.0,0.0,0.0,0.0,0.0,0.0,0.0,0.0,0.0,0.0,0.0,0.0,0.37060837817187836,0.0,0.0,0.6730952855249929,0.0,0.0,0.0,0.0,0.0,0.0,0.0
0.0,0.0,0.0,0.0,0.6802666179934859,0.0,0.0,0.0,0.0,0.0,0.0,0.0,0.0,0.0,0.0,0.0,0.0,0.0,0.0,0.0,0.0,0.0,0.0,0.0,0.0,0.0,0.0,0.0,0.0,0.0,0.0,0.0,0.0,0.0,0.0,0.0,0.7329647525247751,0.0,0.0,0.0,0.0,0.0,0.0,0.0,0.0,0.0,0.0,0.0,0.0,0.0,0.0,0.0,0.0
0.0,0.0,0.0,0.0,0.7737579622352108,0.0,0.0,0.0,0.0,0.0,0.6334813461165325,0.0,0.0,0.0,0.0,0.0,0.0,0.0,0.0,0.0,0.0,0.0,0.0,0.0,0.0,0.0,0.0,0.0,0.0,0.0,0.0,0.0,0.0,0.0,0.0,0.0,0.0,0.0,0.0,0.0,0.0,0.0,0.0,0.0,0.0,0.0,0.0,0.0,0.0,0.0,0.0,0.0,0.0
0.0,0.0,0.40564642012661484,0.0,0.0,0.0,0.0,0.0,0.42096640018509457,0.0,0.0,0.0,0.0,0.0,0.0,0.0,0.0,0.0,0.0,0.0,0.0,0.0,0.0,0.0,0.38004528851912317,0.0,0.0,0.0,0.0,0.0,0.0,0.0,0.43865201923345754,0.0,0.43865201923345754,0.0,0.0,0.0,0.0,0.0,0.0,0.0,0.0,0.0,0.0,0.0,0.3591276409201914,0.0,0.0,0.0,0.0,0.0,0.0
0.0,0.0,0.0,0.0,0.0,0.0,0.2947344389116972,0.0,0.0,0.0,0.0,0.5522663547123394,0.0,0.0,0.0,0.0,0.0,0.0,0.0,0.0,0.0,0.0,0.0,0.0,0.0,0.0,0.0,0.0,0.3058656248476289,0.2947344389116972,0.0,0.0,0.0,0.0,0.0,0.0,0.0,0.0,0.0,0.0,0.0,0.0,0.26093484002954065,0.0,0.0,0.0,0.0,0.5363762286208336,0.0,0.0,0.0,0.2681881143104168,0.0
0.18143537672384052,0.0,0.0,0.21267702260388002,0.0,0.0,0.0,0.0,0.0,0.0,0.0,0.0,0.0,0.6148115822867453,0.0,0.0,0.0,0.0,0.0,0.0,0.0,0.0,0.0,0.0,0.0,0.0,0.0,0.0,0.0,0.0,0.18647878354327146,0.0,0.0,0.0,0.0,0.5594363506298143,0.23877958968596796,0.0,0.0,0.0,0.0,0.0,0.0,0.0,0.0,0.0,0.0,0.0,0.0,0.0,0.0,0.37295756708654293,0.0
0.0,0.0,0.0,0.0,0.0,0.0,0.0,0.0,0.0,0.0,0.0,0.0,0.0,0.0,0.0,0.0,0.0,0.0,0.0,0.0,0.0,0.0,0.0,0.0,0.0,0.0,0.0,0.0,0.5026536339130496,0.0,0.0,0.44073514406064634,0.0,0.0,0.0,0.0,0.564346006871967,0.0,0.0,0.0,0.0,0.0,0.0,0.0,0.4843608588970759,0.0,0.0,0.0,0.0,0.0,0.0,0.0,0.0
0.0,0.0,0.0,0.0,0.0,0.0,0.0,0.0,0.0,0.0,0.0,0.0,0.0,0.0,0.0,0.0,0.0,0.0,0.0,0.6890366115368272,0.0,0.0,0.0,0.0,0.0,0.0,0.0,0.0,0.0,0.0,0.0,0.0,0.0,0.0,0.0,0.0,0.0,0.0,0.0,0.0,0.0,0.0,0.0,0.0,0.0,0.0,0.7247265332260491,0.0,0.0,0.0,0.0,0.0,0.0
0.0,0.0,0.0,0.0,0.0,0.0,0.0,0.0,0.0,0.0,0.0,0.0,1.0,0.0,0.0,0.0,0.0,0.0,0.0,0.0,0.0,0.0,0.0,0.0,0.0,0.0,0.0,0.0,0.0,0.0,0.0,0.0,0.0,0.0,0.0,0.0,0.0,0.0,0.0,0.0,0.0,0.0,0.0,0.0,0.0,0.0,0.0,0.0,0.0,0.0,0.0,0.0,0.0
0.0,0.0,0.0,0.0,0.0,0.0,0.0,0.0,0.0,0.0,0.0,0.0,0.0,0.0,0.0,0.0,0.0,0.0,0.0,0.0,0.0,0.0,0.0,0.0,0.0,0.0,0.9627930023925959,0.0,0.0,0.0,0.0,0.0,0.0,0.0,0.0,0.0,0.2702399573413427,0.0,0.0,0.0,0.0,0.0,0.0,0.0,0.0,0.0,0.0,0.0,0.0,0.0,0.0,0.0,0.0
0.0,0.0,0.0,0.0,0.0,0.0,0.0,0.0,0.0,0.0,0.0,0.0,0.0,0.0,0.0,0.0,0.0,0.0,0.18093439279820922,0.0,0.1866893021006778,0.9656137167542233,0.0,0.0,0.0,0.0,0.0,0.0,0.0,0.0,0.0,0.0,0.0,0.0,0.0,0.0,0.0,0.0,0.0,0.0,0.0,0.0,0.0,0.0,0.0,0.0,0.0,0.0,0.0,0.0,0.0,0.0,0.0
0.0,0.0,0.0,0.0,0.0,0.0,0.0,0.0,0.0,0.0,0.0,0.0,0.0,0.0,0.0,0.0,0.0,0.0,0.0,0.0,0.0,0.0,0.0,0.0,0.0,0.0,0.0,0.0,0.0,0.0,0.0,0.0,0.0,0.0,0.0,0.0,0.0,0.0,0.0,0.0,0.0,0.0,0.0,0.0,0.0,0.0,0.0,0.0,0.0,0.0,1.0,0.0,0.0
0.0,0.0,0.0,0.0,0.0,0.0,0.0,0.0,0.0,1.0,0.0,0.0,0.0,0.0,0.0,0.0,0.0,0.0,0.0,0.0,0.0,0.0,0.0,0.0,0.0,0.0,0.0,0.0,0.0,0.0,0.0,0.0,0.0,0.0,0.0,0.0,0.0,0.0,0.0,0.0,0.0,0.0,0.0,0.0,0.0,0.0,0.0,0.0,0.0,0.0,0.0,0.0,0.0
